,mean_fit_time,std_fit_time,mean_score_time,std_score_time,param_criterion,param_max_features,param_n_estimators,params,split0_test_score,split1_test_score,split2_test_score,split3_test_score,split4_test_score,mean_test_score,std_test_score,rank_test_score,split0_train_score,split1_train_score,split2_train_score,split3_train_score,split4_train_score,mean_train_score,std_train_score
0,0.12467408180236816,0.007610080918070737,0.10470409393310547,0.00035343517563209305,gini,1,11,"{'criterion': 'gini', 'max_features': 1, 'n_estimators': 11}",0.6785714285714286,0.8518518518518519,0.7777777777777778,0.9230769230769231,0.9230769230769231,0.8283582089552238,0.09378898920375534,201,1.0,0.9813084112149533,1.0,1.0,1.0,0.9962616822429906,0.007476635514018694
1,0.12553052902221679,0.0035664436890087306,0.10663504600524902,0.0016859077883985983,gini,1,21,"{'criterion': 'gini', 'max_features': 1, 'n_estimators': 21}",0.7142857142857143,0.9259259259259259,0.7407407407407407,0.8846153846153846,0.8846153846153846,0.8283582089552238,0.08609365548395669,201,1.0,0.9813084112149533,1.0,1.0,1.0,0.9962616822429906,0.007476635514018694
2,0.13297886848449708,0.004172293832933996,0.10897183418273926,0.0019077616899980216,gini,1,31,"{'criterion': 'gini', 'max_features': 1, 'n_estimators': 31}",0.7857142857142857,0.9259259259259259,0.8148148148148148,0.9230769230769231,0.8461538461538461,0.8582089552238806,0.056975333643843794,21,1.0,1.0,1.0,1.0,1.0,1.0,0.0
3,0.13087987899780273,0.009366552093998875,0.11299672126770019,0.007197665525358055,gini,1,41,"{'criterion': 'gini', 'max_features': 1, 'n_estimators': 41}",0.7857142857142857,0.9629629629629629,0.8148148148148148,0.8846153846153846,0.8076923076923077,0.8507462686567164,0.06529467816214155,50,1.0,1.0,1.0,1.0,1.0,1.0,0.0
4,0.1653444766998291,0.03219059633218078,0.12064905166625976,0.0028041637173364282,gini,1,51,"{'criterion': 'gini', 'max_features': 1, 'n_estimators': 51}",0.75,0.9629629629629629,0.8148148148148148,0.8846153846153846,0.8076923076923077,0.8432835820895522,0.07378925692019693,98,1.0,1.0,1.0,1.0,1.0,1.0,0.0
5,0.1319943904876709,0.008685584792911866,0.1312411308288574,0.021133971865826755,gini,1,61,"{'criterion': 'gini', 'max_features': 1, 'n_estimators': 61}",0.7857142857142857,0.9629629629629629,0.8148148148148148,0.9230769230769231,0.8461538461538461,0.8656716417910447,0.06691482501707563,3,1.0,1.0,1.0,1.0,1.0,1.0,0.0
6,0.16730232238769532,0.021739509264800342,0.10645670890808105,0.002164105243153625,gini,1,71,"{'criterion': 'gini', 'max_features': 1, 'n_estimators': 71}",0.7857142857142857,0.9629629629629629,0.8148148148148148,0.8846153846153846,0.8076923076923077,0.8507462686567164,0.06529467816214155,50,1.0,1.0,1.0,1.0,1.0,1.0,0.0
7,0.16790351867675782,0.01472428112811483,0.10493922233581543,0.0004279376929287682,gini,1,81,"{'criterion': 'gini', 'max_features': 1, 'n_estimators': 81}",0.7857142857142857,0.9629629629629629,0.8148148148148148,0.8846153846153846,0.8076923076923077,0.8507462686567164,0.06529467816214155,50,1.0,1.0,1.0,1.0,1.0,1.0,0.0
8,0.15782527923583983,0.010073103120460038,0.11085309982299804,0.0033871296056628745,gini,1,91,"{'criterion': 'gini', 'max_features': 1, 'n_estimators': 91}",0.7857142857142857,0.9629629629629629,0.8518518518518519,0.8846153846153846,0.8076923076923077,0.8582089552238806,0.06283159037007174,21,1.0,1.0,1.0,1.0,1.0,1.0,0.0
9,0.19510483741760254,0.04391861266149868,0.12109503746032715,0.006587824017482204,gini,1,101,"{'criterion': 'gini', 'max_features': 1, 'n_estimators': 101}",0.7142857142857143,0.9629629629629629,0.8148148148148148,0.8846153846153846,0.8076923076923077,0.835820895522388,0.08395224557023044,161,1.0,1.0,1.0,1.0,1.0,1.0,0.0
10,0.11883864402770997,0.004696907298661215,0.11009855270385742,0.0069793659928159115,gini,2,11,"{'criterion': 'gini', 'max_features': 2, 'n_estimators': 11}",0.7142857142857143,0.9629629629629629,0.8148148148148148,0.8846153846153846,0.8846153846153846,0.8507462686567164,0.08446099135453927,50,1.0,0.9906542056074766,1.0,0.9907407407407407,1.0,0.9962789892696435,0.0045573709653781306
11,0.12997708320617676,0.008639930298432996,0.10919361114501953,0.0035687711573578556,gini,2,21,"{'criterion': 'gini', 'max_features': 2, 'n_estimators': 21}",0.7142857142857143,0.9629629629629629,0.8148148148148148,0.8846153846153846,0.9230769230769231,0.8582089552238806,0.08871585523250158,21,1.0,0.9906542056074766,1.0,0.9907407407407407,0.9907407407407407,0.9944271374177915,0.004550332956757942
12,0.13794999122619628,0.005051606578239675,0.10861210823059082,0.0008624562709924051,gini,2,31,"{'criterion': 'gini', 'max_features': 2, 'n_estimators': 31}",0.6785714285714286,0.9629629629629629,0.8148148148148148,0.8846153846153846,0.9615384615384616,0.8582089552238806,0.10742597728061719,21,1.0,1.0,1.0,1.0,1.0,1.0,0.0
13,0.14408769607543945,0.008172985705638784,0.11168384552001953,0.004231164935668274,gini,2,41,"{'criterion': 'gini', 'max_features': 2, 'n_estimators': 41}",0.6785714285714286,0.9629629629629629,0.8518518518518519,0.8846153846153846,0.9615384615384616,0.8656716417910447,0.10541997422325176,3,1.0,1.0,1.0,1.0,1.0,1.0,0.0
14,0.13690485954284667,0.001984928896961374,0.1354674816131592,0.024733611253682456,gini,2,51,"{'criterion': 'gini', 'max_features': 2, 'n_estimators': 51}",0.6785714285714286,0.9629629629629629,0.8518518518518519,0.8846153846153846,0.9230769230769231,0.8582089552238806,0.09956835654428133,21,1.0,1.0,1.0,1.0,1.0,1.0,0.0
15,0.14799957275390624,0.0038665903177720158,0.14416975975036622,0.0036701845114720053,gini,2,61,"{'criterion': 'gini', 'max_features': 2, 'n_estimators': 61}",0.6785714285714286,0.9629629629629629,0.8518518518518519,0.8846153846153846,0.9230769230769231,0.8582089552238806,0.09956835654428133,21,1.0,1.0,1.0,1.0,1.0,1.0,0.0
16,0.16529254913330077,0.0034872238825792807,0.10612525939941406,0.0005783188821711969,gini,2,71,"{'criterion': 'gini', 'max_features': 2, 'n_estimators': 71}",0.6785714285714286,0.9629629629629629,0.8148148148148148,0.8846153846153846,0.9230769230769231,0.8507462686567164,0.10114071323059909,50,1.0,1.0,1.0,1.0,1.0,1.0,0.0
17,0.1691441059112549,0.01487694265304438,0.10740900039672852,0.0023168514802726485,gini,2,81,"{'criterion': 'gini', 'max_features': 2, 'n_estimators': 81}",0.6785714285714286,0.9629629629629629,0.8518518518518519,0.8846153846153846,0.9230769230769231,0.8582089552238806,0.09956835654428133,21,1.0,1.0,1.0,1.0,1.0,1.0,0.0
18,0.15490374565124512,0.0018430372686795116,0.10998721122741699,0.0010155301208420407,gini,2,91,"{'criterion': 'gini', 'max_features': 2, 'n_estimators': 91}",0.7142857142857143,0.9629629629629629,0.8148148148148148,0.8846153846153846,0.9230769230769231,0.8582089552238806,0.08871585523250158,21,1.0,1.0,1.0,1.0,1.0,1.0,0.0
19,0.1978447437286377,0.039956947194051615,0.11740412712097167,0.011255797880741077,gini,2,101,"{'criterion': 'gini', 'max_features': 2, 'n_estimators': 101}",0.6785714285714286,0.9629629629629629,0.8518518518518519,0.8846153846153846,0.9615384615384616,0.8656716417910447,0.10541997422325176,3,1.0,1.0,1.0,1.0,1.0,1.0,0.0
20,0.12798490524291992,0.00832767270329464,0.11060075759887696,0.005640723476394828,gini,3,11,"{'criterion': 'gini', 'max_features': 3, 'n_estimators': 11}",0.7142857142857143,0.9629629629629629,0.8888888888888888,0.8461538461538461,0.9615384615384616,0.8731343283582089,0.09276894713421491,1,0.9905660377358491,1.0,1.0,1.0,1.0,0.9981132075471699,0.003773584905660376
21,0.12397160530090331,0.007112344276254935,0.1069261074066162,0.0006638218688001792,gini,3,21,"{'criterion': 'gini', 'max_features': 3, 'n_estimators': 21}",0.7142857142857143,0.9629629629629629,0.8888888888888888,0.8846153846153846,0.8846153846153846,0.8656716417910447,0.08333003528638103,3,1.0,0.9813084112149533,1.0,0.9907407407407407,0.9907407407407407,0.9925579785392868,0.006984623658595697
22,0.12272210121154785,0.004897541144367553,0.10759177207946777,0.0013958005574112502,gini,3,31,"{'criterion': 'gini', 'max_features': 3, 'n_estimators': 31}",0.7142857142857143,0.9629629629629629,0.8888888888888888,0.8846153846153846,0.8846153846153846,0.8656716417910447,0.08333003528638103,3,1.0,1.0,1.0,1.0,1.0,1.0,0.0
23,0.12465157508850097,0.003921469786673603,0.11016602516174316,0.0005814419312072163,gini,3,41,"{'criterion': 'gini', 'max_features': 3, 'n_estimators': 41}",0.6785714285714286,0.9629629629629629,0.8888888888888888,0.8461538461538461,0.9230769230769231,0.8582089552238806,0.09994134218854507,21,1.0,1.0,1.0,1.0,1.0,1.0,0.0
24,0.15802402496337892,0.00172784636636936,0.11799077987670899,0.0016379157555163214,gini,3,51,"{'criterion': 'gini', 'max_features': 3, 'n_estimators': 51}",0.7142857142857143,0.9629629629629629,0.8888888888888888,0.8461538461538461,0.8846153846153846,0.8582089552238806,0.08302100376558415,21,1.0,1.0,1.0,1.0,1.0,1.0,0.0
25,0.16281652450561523,0.009100754386034207,0.10906105041503907,0.0014641207286527522,gini,3,61,"{'criterion': 'gini', 'max_features': 3, 'n_estimators': 61}",0.6785714285714286,0.9629629629629629,0.8888888888888888,0.8461538461538461,0.9230769230769231,0.8582089552238806,0.09994134218854507,21,1.0,1.0,1.0,1.0,1.0,1.0,0.0
26,0.14753470420837403,0.0013486282139652218,0.10928010940551758,0.0015057044594398274,gini,3,71,"{'criterion': 'gini', 'max_features': 3, 'n_estimators': 71}",0.6785714285714286,0.9629629629629629,0.8888888888888888,0.8461538461538461,0.9615384615384616,0.8656716417910447,0.10577232728246928,3,1.0,1.0,1.0,1.0,1.0,1.0,0.0
27,0.14489107131958007,0.006833864493029793,0.10838813781738281,0.0016034409806327888,gini,3,81,"{'criterion': 'gini', 'max_features': 3, 'n_estimators': 81}",0.7142857142857143,0.9629629629629629,0.8888888888888888,0.8461538461538461,0.9230769230769231,0.8656716417910447,0.08670609894170243,3,1.0,1.0,1.0,1.0,1.0,1.0,0.0
28,0.14927639961242675,0.010016426898441394,0.11061635017395019,0.003127576856646002,gini,3,91,"{'criterion': 'gini', 'max_features': 3, 'n_estimators': 91}",0.7142857142857143,0.9629629629629629,0.8888888888888888,0.8461538461538461,0.9230769230769231,0.8656716417910447,0.08670609894170243,3,1.0,1.0,1.0,1.0,1.0,1.0,0.0
29,0.16618013381958008,0.008432450726501754,0.11029300689697266,0.0031879473584103812,gini,3,101,"{'criterion': 'gini', 'max_features': 3, 'n_estimators': 101}",0.7142857142857143,0.9629629629629629,0.8888888888888888,0.8461538461538461,0.9230769230769231,0.8656716417910447,0.08670609894170243,3,1.0,1.0,1.0,1.0,1.0,1.0,0.0
30,0.1312528133392334,0.002944922259490898,0.10476493835449219,0.0033350226160375005,gini,4,11,"{'criterion': 'gini', 'max_features': 4, 'n_estimators': 11}",0.6428571428571429,0.9629629629629629,0.8518518518518519,0.8846153846153846,0.8461538461538461,0.835820895522388,0.10757352099181337,161,0.9811320754716981,0.9813084112149533,1.0,1.0,1.0,0.9924880973373302,0.009200333246658603
31,0.12598419189453125,0.0016817499083716402,0.10890865325927734,0.0038323929046063295,gini,4,21,"{'criterion': 'gini', 'max_features': 4, 'n_estimators': 21}",0.6785714285714286,0.9629629629629629,0.8888888888888888,0.8846153846153846,0.8461538461538461,0.8507462686567164,0.09618434368131458,50,1.0,0.9906542056074766,1.0,0.9907407407407407,0.9907407407407407,0.9944271374177915,0.004550332956757942
32,0.12416253089904786,0.005575326048717279,0.1080399990081787,0.0006725672514989262,gini,4,31,"{'criterion': 'gini', 'max_features': 4, 'n_estimators': 31}",0.7142857142857143,0.9629629629629629,0.8888888888888888,0.8461538461538461,0.8846153846153846,0.8582089552238806,0.08302100376558415,21,1.0,1.0,1.0,1.0,1.0,1.0,0.0
33,0.12646012306213378,0.00666704352128539,0.1180992603302002,0.009317711406356906,gini,4,41,"{'criterion': 'gini', 'max_features': 4, 'n_estimators': 41}",0.6785714285714286,0.9629629629629629,0.9259259259259259,0.8461538461538461,0.8846153846153846,0.8582089552238806,0.10020691052355384,21,1.0,1.0,1.0,1.0,1.0,1.0,0.0
34,0.15233473777770995,0.01894184519821162,0.114750337600708,0.01038518903535194,gini,4,51,"{'criterion': 'gini', 'max_features': 4, 'n_estimators': 51}",0.6071428571428571,0.9629629629629629,0.9259259259259259,0.8461538461538461,0.9230769230769231,0.8507462686567164,0.13074898758144762,50,1.0,1.0,1.0,1.0,1.0,1.0,0.0
35,0.16899070739746094,0.0025358819855342547,0.10802478790283203,0.0008355094967018061,gini,4,61,"{'criterion': 'gini', 'max_features': 4, 'n_estimators': 61}",0.7142857142857143,0.9629629629629629,0.8888888888888888,0.8461538461538461,0.8846153846153846,0.8582089552238806,0.08302100376558415,21,1.0,1.0,1.0,1.0,1.0,1.0,0.0
36,0.16341104507446289,0.010691839174142818,0.1083892822265625,0.0004810002413527157,gini,4,71,"{'criterion': 'gini', 'max_features': 4, 'n_estimators': 71}",0.7142857142857143,0.9629629629629629,0.8888888888888888,0.8461538461538461,0.8846153846153846,0.8582089552238806,0.08302100376558415,21,1.0,1.0,1.0,1.0,1.0,1.0,0.0
37,0.1601276397705078,0.019637805353206878,0.10764093399047851,0.0005771929620973826,gini,4,81,"{'criterion': 'gini', 'max_features': 4, 'n_estimators': 81}",0.6785714285714286,0.9629629629629629,0.8888888888888888,0.8461538461538461,0.8846153846153846,0.8507462686567164,0.09618434368131458,50,1.0,1.0,1.0,1.0,1.0,1.0,0.0
38,0.16126914024353028,0.01848265600498657,0.10695180892944336,0.0014435670787692019,gini,4,91,"{'criterion': 'gini', 'max_features': 4, 'n_estimators': 91}",0.7142857142857143,0.9629629629629629,0.8888888888888888,0.8461538461538461,0.9230769230769231,0.8656716417910447,0.08670609894170243,3,1.0,1.0,1.0,1.0,1.0,1.0,0.0
39,0.17547316551208497,0.01843106049959378,0.1076507568359375,0.001503000336521887,gini,4,101,"{'criterion': 'gini', 'max_features': 4, 'n_estimators': 101}",0.6785714285714286,0.9629629629629629,0.8888888888888888,0.8461538461538461,0.9230769230769231,0.8582089552238806,0.09994134218854507,21,1.0,1.0,1.0,1.0,1.0,1.0,0.0
40,0.14247684478759765,0.0035373408450315065,0.10368647575378417,0.0007658572668773064,gini,5,11,"{'criterion': 'gini', 'max_features': 5, 'n_estimators': 11}",0.6428571428571429,0.9259259259259259,0.8518518518518519,0.8461538461538461,0.8076923076923077,0.8134328358208955,0.09560932964431686,234,0.9905660377358491,1.0,1.0,0.9907407407407407,1.0,0.9962613556953179,0.0045792187073112256
41,0.13555531501770018,0.005200088646113353,0.10791249275207519,0.002304446003572618,gini,5,21,"{'criterion': 'gini', 'max_features': 5, 'n_estimators': 21}",0.6071428571428571,0.9629629629629629,0.8888888888888888,0.8461538461538461,0.8846153846153846,0.835820895522388,0.12342733389513946,161,1.0,0.9906542056074766,1.0,0.9907407407407407,0.9907407407407407,0.9944271374177915,0.004550332956757942
42,0.1284339427947998,0.009138747886078392,0.10804061889648438,0.0017118517694912551,gini,5,31,"{'criterion': 'gini', 'max_features': 5, 'n_estimators': 31}",0.6071428571428571,0.9629629629629629,0.9259259259259259,0.8461538461538461,0.8846153846153846,0.8432835820895522,0.12746399673214182,98,1.0,1.0,1.0,1.0,1.0,1.0,0.0
43,0.14558305740356445,0.017272557673533175,0.10714168548583984,0.001326640925065209,gini,5,41,"{'criterion': 'gini', 'max_features': 5, 'n_estimators': 41}",0.6428571428571429,0.9629629629629629,0.9259259259259259,0.8461538461538461,0.8461538461538461,0.8432835820895522,0.11251328980420071,98,1.0,1.0,1.0,1.0,1.0,1.0,0.0
44,0.15216617584228515,0.0016835874467127426,0.10576591491699219,0.0004072552972946079,gini,5,51,"{'criterion': 'gini', 'max_features': 5, 'n_estimators': 51}",0.6071428571428571,0.9629629629629629,0.8888888888888888,0.8461538461538461,0.8846153846153846,0.835820895522388,0.12342733389513946,161,1.0,1.0,1.0,1.0,1.0,1.0,0.0
45,0.1699948787689209,0.009765542346401538,0.10729036331176758,0.002104904501869525,gini,5,61,"{'criterion': 'gini', 'max_features': 5, 'n_estimators': 61}",0.6428571428571429,0.9629629629629629,0.8888888888888888,0.8461538461538461,0.8461538461538461,0.835820895522388,0.10791884298904823,161,1.0,1.0,1.0,1.0,1.0,1.0,0.0
46,0.16393070220947265,0.008979482605740332,0.10879168510437012,0.0022052222051622133,gini,5,71,"{'criterion': 'gini', 'max_features': 5, 'n_estimators': 71}",0.6428571428571429,0.9629629629629629,0.8888888888888888,0.8461538461538461,0.8461538461538461,0.835820895522388,0.10791884298904823,161,1.0,1.0,1.0,1.0,1.0,1.0,0.0
47,0.1465660572052002,0.011508838567281602,0.11044960021972657,0.0007052965671939912,gini,5,81,"{'criterion': 'gini', 'max_features': 5, 'n_estimators': 81}",0.6428571428571429,0.9629629629629629,0.8888888888888888,0.8461538461538461,0.8846153846153846,0.8432835820895522,0.1096906310104815,98,1.0,1.0,1.0,1.0,1.0,1.0,0.0
48,0.16352620124816894,0.013157072473337493,0.10979294776916504,0.0010223887181404741,gini,5,91,"{'criterion': 'gini', 'max_features': 5, 'n_estimators': 91}",0.6428571428571429,0.9629629629629629,0.8888888888888888,0.8461538461538461,0.9230769230769231,0.8507462686567164,0.11349124116917433,50,1.0,1.0,1.0,1.0,1.0,1.0,0.0
49,0.1634528636932373,0.002436392224912636,0.10997276306152344,0.0008845738172719974,gini,5,101,"{'criterion': 'gini', 'max_features': 5, 'n_estimators': 101}",0.6428571428571429,0.9629629629629629,0.8888888888888888,0.8461538461538461,0.8846153846153846,0.8432835820895522,0.1096906310104815,98,1.0,1.0,1.0,1.0,1.0,1.0,0.0
50,0.13204421997070312,0.010982497066568097,0.10552120208740234,0.00046961282772315846,gini,6,11,"{'criterion': 'gini', 'max_features': 6, 'n_estimators': 11}",0.6785714285714286,0.9259259259259259,0.8148148148148148,0.8846153846153846,0.7692307692307693,0.8134328358208955,0.08782280936605553,234,0.9905660377358491,1.0,1.0,0.9907407407407407,1.0,0.9962613556953179,0.0045792187073112256
51,0.12724204063415528,0.0016238914215711807,0.1169161319732666,0.0022017079688560863,gini,6,21,"{'criterion': 'gini', 'max_features': 6, 'n_estimators': 21}",0.6785714285714286,0.9629629629629629,0.8148148148148148,0.8846153846153846,0.8076923076923077,0.8283582089552238,0.09525109077929757,201,1.0,0.9906542056074766,1.0,1.0,0.9907407407407407,0.9962789892696435,0.0045573709653781306
52,0.12697315216064453,0.0032151905427145713,0.11986351013183594,0.006964678082352341,gini,6,31,"{'criterion': 'gini', 'max_features': 6, 'n_estimators': 31}",0.6785714285714286,0.9629629629629629,0.9259259259259259,0.8461538461538461,0.8076923076923077,0.8432835820895522,0.10088861261592992,98,1.0,1.0,1.0,1.0,1.0,1.0,0.0
53,0.14629406929016114,0.011616305013014944,0.10722999572753907,0.0009775087588889608,gini,6,41,"{'criterion': 'gini', 'max_features': 6, 'n_estimators': 41}",0.6785714285714286,0.9629629629629629,0.8888888888888888,0.8461538461538461,0.8076923076923077,0.835820895522388,0.0957379153997932,161,1.0,1.0,1.0,1.0,1.0,1.0,0.0
54,0.17315869331359862,0.012117812062716348,0.1104316234588623,0.0025953321757566468,gini,6,51,"{'criterion': 'gini', 'max_features': 6, 'n_estimators': 51}",0.6785714285714286,0.9629629629629629,0.8888888888888888,0.8461538461538461,0.8076923076923077,0.835820895522388,0.0957379153997932,161,1.0,1.0,1.0,1.0,1.0,1.0,0.0
55,0.17026877403259277,0.007279056189491907,0.1131093978881836,0.00270815100405984,gini,6,61,"{'criterion': 'gini', 'max_features': 6, 'n_estimators': 61}",0.6785714285714286,0.9629629629629629,0.8888888888888888,0.8461538461538461,0.8461538461538461,0.8432835820895522,0.09474836933489644,98,1.0,1.0,1.0,1.0,1.0,1.0,0.0
56,0.15217990875244142,0.006561475633023517,0.11148929595947266,0.0032677769017112296,gini,6,71,"{'criterion': 'gini', 'max_features': 6, 'n_estimators': 71}",0.6785714285714286,0.9629629629629629,0.8888888888888888,0.8461538461538461,0.8461538461538461,0.8432835820895522,0.09474836933489644,98,1.0,1.0,1.0,1.0,1.0,1.0,0.0
57,0.16608715057373047,0.03660931794042466,0.1171952247619629,0.0045257646135733135,gini,6,81,"{'criterion': 'gini', 'max_features': 6, 'n_estimators': 81}",0.6785714285714286,0.9629629629629629,0.8888888888888888,0.8461538461538461,0.8461538461538461,0.8432835820895522,0.09474836933489644,98,1.0,1.0,1.0,1.0,1.0,1.0,0.0
58,0.17167129516601562,0.01795367415905625,0.1091224193572998,0.004202339916674985,gini,6,91,"{'criterion': 'gini', 'max_features': 6, 'n_estimators': 91}",0.6785714285714286,0.9629629629629629,0.8888888888888888,0.8461538461538461,0.8461538461538461,0.8432835820895522,0.09474836933489644,98,1.0,1.0,1.0,1.0,1.0,1.0,0.0
59,0.16232070922851563,0.00992712160037753,0.11498637199401855,0.0020273719801879174,gini,6,101,"{'criterion': 'gini', 'max_features': 6, 'n_estimators': 101}",0.6785714285714286,0.9629629629629629,0.8888888888888888,0.8461538461538461,0.8461538461538461,0.8432835820895522,0.09474836933489644,98,1.0,1.0,1.0,1.0,1.0,1.0,0.0
60,0.14735636711120606,0.0015840807610301773,0.10661406517028808,0.0018857690974334478,gini,7,11,"{'criterion': 'gini', 'max_features': 7, 'n_estimators': 11}",0.6428571428571429,0.9629629629629629,0.8518518518518519,0.8461538461538461,0.8076923076923077,0.8208955223880597,0.10507544607505108,224,0.9905660377358491,0.9906542056074766,1.0,0.9907407407407407,0.9907407407407407,0.9925403449649612,0.003730389113221864
61,0.1398226261138916,0.004291367825877209,0.11303000450134278,0.0019689744933505614,gini,7,21,"{'criterion': 'gini', 'max_features': 7, 'n_estimators': 21}",0.6071428571428571,0.9629629629629629,0.8518518518518519,0.8461538461538461,0.7692307692307693,0.8059701492537313,0.11927273654944852,239,1.0,0.9813084112149533,1.0,1.0,1.0,0.9962616822429906,0.007476635514018694
62,0.12646641731262206,0.009184870871846188,0.12464227676391601,0.01135312135910913,gini,7,31,"{'criterion': 'gini', 'max_features': 7, 'n_estimators': 31}",0.6428571428571429,0.9629629629629629,0.8518518518518519,0.8461538461538461,0.8076923076923077,0.8208955223880597,0.10507544607505108,224,1.0,1.0,1.0,1.0,1.0,1.0,0.0
63,0.14925036430358887,0.01617389308163477,0.10669398307800293,0.0015662747082225256,gini,7,41,"{'criterion': 'gini', 'max_features': 7, 'n_estimators': 41}",0.6428571428571429,0.9629629629629629,0.8888888888888888,0.8461538461538461,0.8076923076923077,0.8283582089552238,0.10827552005865128,201,1.0,1.0,1.0,1.0,1.0,1.0,0.0
64,0.16079607009887695,0.00348557150669161,0.11142735481262207,0.003203295394363205,gini,7,51,"{'criterion': 'gini', 'max_features': 7, 'n_estimators': 51}",0.6071428571428571,0.9629629629629629,0.8518518518518519,0.8461538461538461,0.8461538461538461,0.8208955223880597,0.11855221058832933,224,1.0,1.0,1.0,1.0,1.0,1.0,0.0
65,0.14783997535705568,0.0066406786891597975,0.11472749710083008,0.0031634937395388658,gini,7,61,"{'criterion': 'gini', 'max_features': 7, 'n_estimators': 61}",0.6785714285714286,0.9629629629629629,0.8518518518518519,0.8461538461538461,0.8076923076923077,0.8283582089552238,0.09270594884146864,201,1.0,1.0,1.0,1.0,1.0,1.0,0.0
66,0.14357347488403321,0.00298048226032542,0.11676502227783203,0.0027067001084900197,gini,7,71,"{'criterion': 'gini', 'max_features': 7, 'n_estimators': 71}",0.6428571428571429,0.9629629629629629,0.8518518518518519,0.8461538461538461,0.8076923076923077,0.8208955223880597,0.10507544607505108,224,1.0,1.0,1.0,1.0,1.0,1.0,0.0
67,0.1633436679840088,0.024048606939285257,0.11380496025085449,0.004439074209908038,gini,7,81,"{'criterion': 'gini', 'max_features': 7, 'n_estimators': 81}",0.6785714285714286,0.9629629629629629,0.8888888888888888,0.8461538461538461,0.8076923076923077,0.835820895522388,0.0957379153997932,161,1.0,1.0,1.0,1.0,1.0,1.0,0.0
68,0.1856752395629883,0.013425935700123471,0.10824308395385743,0.002952332837045179,gini,7,91,"{'criterion': 'gini', 'max_features': 7, 'n_estimators': 91}",0.6785714285714286,0.9629629629629629,0.8888888888888888,0.8461538461538461,0.8076923076923077,0.835820895522388,0.0957379153997932,161,1.0,1.0,1.0,1.0,1.0,1.0,0.0
69,0.16129517555236816,0.00877186465216162,0.11527972221374512,0.0029125842037366393,gini,7,101,"{'criterion': 'gini', 'max_features': 7, 'n_estimators': 101}",0.6785714285714286,0.9629629629629629,0.8888888888888888,0.8461538461538461,0.8076923076923077,0.835820895522388,0.0957379153997932,161,1.0,1.0,1.0,1.0,1.0,1.0,0.0
70,0.13881344795227052,0.0031989279477445906,0.10466666221618652,0.0010959558004583955,gini,8,11,"{'criterion': 'gini', 'max_features': 8, 'n_estimators': 11}",0.8214285714285714,0.9629629629629629,0.8518518518518519,0.8846153846153846,0.7692307692307693,0.8582089552238806,0.06460131187786591,21,0.9905660377358491,1.0,0.9906542056074766,0.9907407407407407,1.0,0.9943921968168132,0.0045790854141876105
71,0.12590255737304687,0.0044529952028264045,0.11306924819946289,0.003091819735670069,gini,8,21,"{'criterion': 'gini', 'max_features': 8, 'n_estimators': 21}",0.75,0.9629629629629629,0.8888888888888888,0.8461538461538461,0.7692307692307693,0.8432835820895522,0.07867017841610721,98,1.0,0.9906542056074766,1.0,0.9907407407407407,1.0,0.9962789892696435,0.0045573709653781306
72,0.1375722885131836,0.005914341530230084,0.12149405479431152,0.013482903773225492,gini,8,31,"{'criterion': 'gini', 'max_features': 8, 'n_estimators': 31}",0.7857142857142857,0.9629629629629629,0.9259259259259259,0.8461538461538461,0.8076923076923077,0.8656716417910447,0.06856264702899124,3,1.0,1.0,1.0,1.0,1.0,1.0,0.0
73,0.15292696952819823,0.005144919086008577,0.10497555732727051,0.0005267176704846136,gini,8,41,"{'criterion': 'gini', 'max_features': 8, 'n_estimators': 41}",0.7857142857142857,0.9629629629629629,0.9259259259259259,0.8461538461538461,0.8076923076923077,0.8656716417910447,0.06856264702899124,3,1.0,1.0,1.0,1.0,1.0,1.0,0.0
74,0.17133698463439942,0.0060038623312916595,0.11067790985107422,0.0028590152268289704,gini,8,51,"{'criterion': 'gini', 'max_features': 8, 'n_estimators': 51}",0.7857142857142857,0.9629629629629629,0.9259259259259259,0.8461538461538461,0.8076923076923077,0.8656716417910447,0.06856264702899124,3,1.0,1.0,1.0,1.0,1.0,1.0,0.0
75,0.1576456069946289,0.00549153845628396,0.11144957542419434,0.0018166017322010035,gini,8,61,"{'criterion': 'gini', 'max_features': 8, 'n_estimators': 61}",0.75,0.9629629629629629,0.9259259259259259,0.8461538461538461,0.8461538461538461,0.8656716417910447,0.07471557851669051,3,1.0,1.0,1.0,1.0,1.0,1.0,0.0
76,0.14892306327819824,0.004599965488131183,0.11543636322021485,0.0029043234270643525,gini,8,71,"{'criterion': 'gini', 'max_features': 8, 'n_estimators': 71}",0.7142857142857143,0.9629629629629629,0.9259259259259259,0.8461538461538461,0.8461538461538461,0.8582089552238806,0.08671616295323258,21,1.0,1.0,1.0,1.0,1.0,1.0,0.0
77,0.1719989776611328,0.023506009709746804,0.11253957748413086,0.008072216646790104,gini,8,81,"{'criterion': 'gini', 'max_features': 8, 'n_estimators': 81}",0.7142857142857143,0.9629629629629629,0.8888888888888888,0.8461538461538461,0.8076923076923077,0.8432835820895522,0.08384255664718715,98,1.0,1.0,1.0,1.0,1.0,1.0,0.0
78,0.167207670211792,0.005010277590303078,0.10697145462036133,0.001428844015724447,gini,8,91,"{'criterion': 'gini', 'max_features': 8, 'n_estimators': 91}",0.7142857142857143,0.9629629629629629,0.8888888888888888,0.8461538461538461,0.8461538461538461,0.8507462686567164,0.08203472417251918,50,1.0,1.0,1.0,1.0,1.0,1.0,0.0
79,0.15356369018554689,0.0023645422300360075,0.10815243721008301,0.0009335881386009608,gini,8,101,"{'criterion': 'gini', 'max_features': 8, 'n_estimators': 101}",0.7142857142857143,0.9629629629629629,0.8888888888888888,0.8461538461538461,0.8076923076923077,0.8432835820895522,0.08384255664718715,98,1.0,1.0,1.0,1.0,1.0,1.0,0.0
80,0.12884368896484374,0.0068794814657779195,0.10443277359008789,0.001025300590980985,gini,9,11,"{'criterion': 'gini', 'max_features': 9, 'n_estimators': 11}",0.7142857142857143,0.9629629629629629,0.8148148148148148,0.8461538461538461,0.8461538461538461,0.835820895522388,0.08046071540463393,161,0.9905660377358491,0.9906542056074766,0.9906542056074766,0.9907407407407407,1.0,0.9925230379383085,0.0037388892288053484
81,0.12603254318237306,0.004140693205352203,0.11430277824401855,0.009303089765326237,gini,9,21,"{'criterion': 'gini', 'max_features': 9, 'n_estimators': 21}",0.7142857142857143,0.9629629629629629,0.8888888888888888,0.8461538461538461,0.8461538461538461,0.8507462686567164,0.08203472417251918,50,1.0,0.9813084112149533,1.0,0.9907407407407407,0.9907407407407407,0.9925579785392868,0.006984623658595697
82,0.13453798294067382,0.0038510678918755653,0.11022248268127441,0.010650764662823551,gini,9,31,"{'criterion': 'gini', 'max_features': 9, 'n_estimators': 31}",0.7142857142857143,0.9629629629629629,0.8888888888888888,0.8461538461538461,0.8461538461538461,0.8507462686567164,0.08203472417251918,50,1.0,1.0,1.0,1.0,1.0,1.0,0.0
83,0.1572573184967041,0.019287824174229334,0.10783467292785645,0.0026960271872920405,gini,9,41,"{'criterion': 'gini', 'max_features': 9, 'n_estimators': 41}",0.6428571428571429,0.9629629629629629,0.8888888888888888,0.8461538461538461,0.8461538461538461,0.835820895522388,0.10791884298904823,161,1.0,1.0,1.0,1.0,1.0,1.0,0.0
84,0.16058964729309083,0.007994898717810485,0.11035032272338867,0.00093456536342511,gini,9,51,"{'criterion': 'gini', 'max_features': 9, 'n_estimators': 51}",0.6428571428571429,0.9629629629629629,0.8888888888888888,0.8461538461538461,0.8461538461538461,0.835820895522388,0.10791884298904823,161,1.0,1.0,1.0,1.0,1.0,1.0,0.0
85,0.1387014389038086,0.002168874296541049,0.11101622581481933,0.0016895453865625712,gini,9,61,"{'criterion': 'gini', 'max_features': 9, 'n_estimators': 61}",0.6428571428571429,0.9629629629629629,0.8888888888888888,0.8461538461538461,0.8461538461538461,0.835820895522388,0.10791884298904823,161,1.0,1.0,1.0,1.0,1.0,1.0,0.0
86,0.14113173484802247,0.004067934059792576,0.1219254493713379,0.01271604590810355,gini,9,71,"{'criterion': 'gini', 'max_features': 9, 'n_estimators': 71}",0.6428571428571429,0.9629629629629629,0.8888888888888888,0.8461538461538461,0.8076923076923077,0.8283582089552238,0.10827552005865128,201,1.0,1.0,1.0,1.0,1.0,1.0,0.0
87,0.14379506111145018,0.003533585554927024,0.11046147346496582,0.0012941344836737928,gini,9,81,"{'criterion': 'gini', 'max_features': 9, 'n_estimators': 81}",0.6785714285714286,0.9629629629629629,0.8888888888888888,0.8461538461538461,0.8076923076923077,0.835820895522388,0.0957379153997932,161,1.0,1.0,1.0,1.0,1.0,1.0,0.0
88,0.1874763011932373,0.013451326306559134,0.10679492950439454,0.0013276197454215057,gini,9,91,"{'criterion': 'gini', 'max_features': 9, 'n_estimators': 91}",0.6785714285714286,0.9629629629629629,0.8888888888888888,0.8461538461538461,0.8461538461538461,0.8432835820895522,0.09474836933489644,98,1.0,1.0,1.0,1.0,1.0,1.0,0.0
89,0.16755895614624022,0.008290836527068891,0.10770015716552735,0.0018017625363941055,gini,9,101,"{'criterion': 'gini', 'max_features': 9, 'n_estimators': 101}",0.6785714285714286,0.9629629629629629,0.8888888888888888,0.8461538461538461,0.8461538461538461,0.8432835820895522,0.09474836933489644,98,1.0,1.0,1.0,1.0,1.0,1.0,0.0
90,0.14844908714294433,0.009167432166340085,0.10372848510742187,0.0007526852324038831,gini,10,11,"{'criterion': 'gini', 'max_features': 10, 'n_estimators': 11}",0.8214285714285714,0.9259259259259259,0.8518518518518519,0.8461538461538461,0.8461538461538461,0.8582089552238806,0.035653521692965894,21,0.9905660377358491,0.9813084112149533,1.0,0.9907407407407407,0.9907407407407407,0.9906711860864567,0.005911159855789315
91,0.1293914794921875,0.010970111241041696,0.12210783958435059,0.011244329647036146,gini,10,21,"{'criterion': 'gini', 'max_features': 10, 'n_estimators': 21}",0.7142857142857143,0.9629629629629629,0.8888888888888888,0.8461538461538461,0.8076923076923077,0.8432835820895522,0.08384255664718715,98,1.0,0.9813084112149533,1.0,0.9907407407407407,1.0,0.9944098303911387,0.007468057204658873
92,0.117557954788208,0.003990540670464296,0.11881394386291504,0.007683652387042022,gini,10,31,"{'criterion': 'gini', 'max_features': 10, 'n_estimators': 31}",0.6785714285714286,0.9629629629629629,0.9259259259259259,0.8461538461538461,0.8076923076923077,0.8432835820895522,0.10088861261592992,98,1.0,1.0,1.0,1.0,1.0,1.0,0.0
93,0.1378629684448242,0.00377817210440503,0.10617303848266602,0.0006532483376697046,gini,10,41,"{'criterion': 'gini', 'max_features': 10, 'n_estimators': 41}",0.6785714285714286,0.9629629629629629,0.8888888888888888,0.8461538461538461,0.8076923076923077,0.835820895522388,0.0957379153997932,161,1.0,1.0,1.0,1.0,1.0,1.0,0.0
94,0.14664840698242188,0.014006062749864524,0.10969958305358887,0.0033448293768926266,gini,10,51,"{'criterion': 'gini', 'max_features': 10, 'n_estimators': 51}",0.6785714285714286,0.9629629629629629,0.8888888888888888,0.8461538461538461,0.8076923076923077,0.835820895522388,0.0957379153997932,161,1.0,1.0,1.0,1.0,1.0,1.0,0.0
95,0.143387508392334,0.0019235556197667687,0.11764016151428222,0.005759216881955295,gini,10,61,"{'criterion': 'gini', 'max_features': 10, 'n_estimators': 61}",0.7142857142857143,0.9629629629629629,0.8888888888888888,0.8461538461538461,0.8076923076923077,0.8432835820895522,0.08384255664718715,98,1.0,1.0,1.0,1.0,1.0,1.0,0.0
96,0.16105875968933106,0.015089717250161032,0.11718878746032715,0.006151398481058288,gini,10,71,"{'criterion': 'gini', 'max_features': 10, 'n_estimators': 71}",0.6785714285714286,0.9629629629629629,0.9259259259259259,0.8461538461538461,0.8076923076923077,0.8432835820895522,0.10088861261592992,98,1.0,1.0,1.0,1.0,1.0,1.0,0.0
97,0.18795371055603027,0.031160805424527004,0.10879640579223633,0.004181566313321528,gini,10,81,"{'criterion': 'gini', 'max_features': 10, 'n_estimators': 81}",0.6785714285714286,0.9629629629629629,0.9259259259259259,0.8461538461538461,0.8076923076923077,0.8432835820895522,0.10088861261592992,98,1.0,1.0,1.0,1.0,1.0,1.0,0.0
98,0.1765202522277832,0.006473443402389182,0.10495247840881347,0.0002445477205914143,gini,10,91,"{'criterion': 'gini', 'max_features': 10, 'n_estimators': 91}",0.6785714285714286,0.9629629629629629,0.8888888888888888,0.8461538461538461,0.8076923076923077,0.835820895522388,0.0957379153997932,161,1.0,1.0,1.0,1.0,1.0,1.0,0.0
99,0.15874071121215821,0.009344497156347643,0.11093173027038575,0.004483634379679555,gini,10,101,"{'criterion': 'gini', 'max_features': 10, 'n_estimators': 101}",0.6428571428571429,0.9629629629629629,0.9259259259259259,0.8461538461538461,0.8076923076923077,0.835820895522388,0.11334785104288514,161,1.0,1.0,1.0,1.0,1.0,1.0,0.0
100,0.12784080505371093,0.006586072054110334,0.10608115196228027,0.002691299240947228,gini,11,11,"{'criterion': 'gini', 'max_features': 11, 'n_estimators': 11}",0.75,0.9629629629629629,0.8518518518518519,0.8461538461538461,0.8076923076923077,0.8432835820895522,0.07047323671285324,98,0.9905660377358491,0.9906542056074766,1.0,0.9907407407407407,1.0,0.9943921968168132,0.0045790854141876105
101,0.1319122314453125,0.0053477543142746685,0.1297898769378662,0.007674010761876039,gini,11,21,"{'criterion': 'gini', 'max_features': 11, 'n_estimators': 21}",0.75,0.9629629629629629,0.8888888888888888,0.8461538461538461,0.7692307692307693,0.8432835820895522,0.07867017841610721,98,1.0,0.9906542056074766,1.0,0.9907407407407407,1.0,0.9962789892696435,0.0045573709653781306
102,0.140816068649292,0.005802890920449736,0.10660123825073242,0.0009608909784329605,gini,11,31,"{'criterion': 'gini', 'max_features': 11, 'n_estimators': 31}",0.7142857142857143,0.9629629629629629,0.8888888888888888,0.8461538461538461,0.8076923076923077,0.8432835820895522,0.08384255664718715,98,1.0,1.0,1.0,1.0,1.0,1.0,0.0
103,0.13916325569152832,0.01040985236965995,0.10680508613586426,0.0009436193763609285,gini,11,41,"{'criterion': 'gini', 'max_features': 11, 'n_estimators': 41}",0.7142857142857143,0.9629629629629629,0.8888888888888888,0.8846153846153846,0.8076923076923077,0.8507462686567164,0.08546197273009841,50,1.0,1.0,1.0,1.0,1.0,1.0,0.0
104,0.14692459106445313,0.01732601740164203,0.10944337844848633,0.0025395937236597946,gini,11,51,"{'criterion': 'gini', 'max_features': 11, 'n_estimators': 51}",0.6428571428571429,0.9629629629629629,0.8888888888888888,0.8461538461538461,0.8076923076923077,0.8283582089552238,0.10827552005865128,201,1.0,1.0,1.0,1.0,1.0,1.0,0.0
105,0.13606681823730468,0.006852019758719555,0.11928596496582031,0.012474236377365291,gini,11,61,"{'criterion': 'gini', 'max_features': 11, 'n_estimators': 61}",0.7142857142857143,0.9629629629629629,0.8888888888888888,0.8461538461538461,0.8076923076923077,0.8432835820895522,0.08384255664718715,98,1.0,1.0,1.0,1.0,1.0,1.0,0.0
106,0.16385607719421386,0.04051967250969821,0.12363924980163574,0.014777040465949621,gini,11,71,"{'criterion': 'gini', 'max_features': 11, 'n_estimators': 71}",0.7142857142857143,0.9629629629629629,0.8888888888888888,0.8461538461538461,0.8076923076923077,0.8432835820895522,0.08384255664718715,98,1.0,1.0,1.0,1.0,1.0,1.0,0.0
107,0.1674198627471924,0.0012071461996098624,0.10636715888977051,0.0006630006229899503,gini,11,81,"{'criterion': 'gini', 'max_features': 11, 'n_estimators': 81}",0.6785714285714286,0.9629629629629629,0.8888888888888888,0.8461538461538461,0.8076923076923077,0.835820895522388,0.0957379153997932,161,1.0,1.0,1.0,1.0,1.0,1.0,0.0
108,0.1671262264251709,0.012507675822914857,0.10564827919006348,0.0011384851889234952,gini,11,91,"{'criterion': 'gini', 'max_features': 11, 'n_estimators': 91}",0.6785714285714286,0.9629629629629629,0.8888888888888888,0.8846153846153846,0.8076923076923077,0.8432835820895522,0.0977307848350801,98,1.0,1.0,1.0,1.0,1.0,1.0,0.0
109,0.1644667625427246,0.00910432285191652,0.11103692054748535,0.002823849452998316,gini,11,101,"{'criterion': 'gini', 'max_features': 11, 'n_estimators': 101}",0.6785714285714286,0.9629629629629629,0.8888888888888888,0.8846153846153846,0.8076923076923077,0.8432835820895522,0.0977307848350801,98,1.0,1.0,1.0,1.0,1.0,1.0,0.0
110,0.13143153190612794,0.014502412824965095,0.11698307991027831,0.016281227464531412,gini,12,11,"{'criterion': 'gini', 'max_features': 12, 'n_estimators': 11}",0.75,0.9629629629629629,0.8518518518518519,0.8461538461538461,0.8461538461538461,0.8507462686567164,0.06831250806192349,50,0.9905660377358491,0.9813084112149533,1.0,0.9907407407407407,0.9907407407407407,0.9906711860864567,0.005911159855789315
111,0.13172683715820313,0.005319123681910994,0.11919217109680176,0.013710794292433158,gini,12,21,"{'criterion': 'gini', 'max_features': 12, 'n_estimators': 21}",0.75,0.9629629629629629,0.8888888888888888,0.8461538461538461,0.7692307692307693,0.8432835820895522,0.07867017841610721,98,1.0,0.9813084112149533,1.0,0.9907407407407407,1.0,0.9944098303911387,0.007468057204658873
112,0.14083518981933593,0.01039581579988262,0.10769057273864746,0.002470456083312036,gini,12,31,"{'criterion': 'gini', 'max_features': 12, 'n_estimators': 31}",0.7857142857142857,0.9629629629629629,0.9259259259259259,0.8461538461538461,0.8076923076923077,0.8656716417910447,0.06856264702899124,3,1.0,1.0,1.0,1.0,1.0,1.0,0.0
113,0.1618903636932373,0.009944610157061658,0.10698208808898926,0.002664092388905644,gini,12,41,"{'criterion': 'gini', 'max_features': 12, 'n_estimators': 41}",0.7857142857142857,0.9629629629629629,0.8888888888888888,0.8846153846153846,0.8076923076923077,0.8656716417910447,0.0638250007170826,3,1.0,1.0,1.0,1.0,1.0,1.0,0.0
114,0.14747271537780762,0.008977877311898138,0.11105132102966309,0.0024223859707928615,gini,12,51,"{'criterion': 'gini', 'max_features': 12, 'n_estimators': 51}",0.7142857142857143,0.9629629629629629,0.8888888888888888,0.8846153846153846,0.8076923076923077,0.8507462686567164,0.08546197273009841,50,1.0,1.0,1.0,1.0,1.0,1.0,0.0
115,0.14536986351013184,0.013724627737044855,0.12572546005249025,0.014445641675932406,gini,12,61,"{'criterion': 'gini', 'max_features': 12, 'n_estimators': 61}",0.75,0.9259259259259259,0.8888888888888888,0.8846153846153846,0.8076923076923077,0.8507462686567164,0.06430449731887897,50,1.0,1.0,1.0,1.0,1.0,1.0,0.0
116,0.17782301902770997,0.02828668958510141,0.1208709716796875,0.00808176864723788,gini,12,71,"{'criterion': 'gini', 'max_features': 12, 'n_estimators': 71}",0.7142857142857143,0.9259259259259259,0.8888888888888888,0.8846153846153846,0.8076923076923077,0.8432835820895522,0.07648252647816116,98,1.0,1.0,1.0,1.0,1.0,1.0,0.0
117,0.18250637054443358,0.009894762545503566,0.11661877632141113,0.005427276039320443,gini,12,81,"{'criterion': 'gini', 'max_features': 12, 'n_estimators': 81}",0.7142857142857143,0.9259259259259259,0.9259259259259259,0.8846153846153846,0.8076923076923077,0.8507462686567164,0.08216420866382376,50,1.0,1.0,1.0,1.0,1.0,1.0,0.0
118,0.18760952949523926,0.008808641429797473,0.10863099098205567,0.0015448124669135209,gini,12,91,"{'criterion': 'gini', 'max_features': 12, 'n_estimators': 91}",0.6785714285714286,0.9259259259259259,0.8888888888888888,0.8846153846153846,0.8076923076923077,0.835820895522388,0.08936302924836309,161,1.0,1.0,1.0,1.0,1.0,1.0,0.0
119,0.16992578506469727,0.003449611655592438,0.11018610000610352,0.0021025772629061565,gini,12,101,"{'criterion': 'gini', 'max_features': 12, 'n_estimators': 101}",0.6785714285714286,0.9259259259259259,0.8888888888888888,0.8846153846153846,0.8076923076923077,0.835820895522388,0.08936302924836309,161,1.0,1.0,1.0,1.0,1.0,1.0,0.0
120,0.1138770580291748,0.0013090751289594694,0.12094030380249024,0.01291067263467276,entropy,1,11,"{'criterion': 'entropy', 'max_features': 1, 'n_estimators': 11}",0.5714285714285714,0.8518518518518519,0.7777777777777778,0.9230769230769231,0.8461538461538461,0.7910447761194029,0.12177994496304556,240,0.9905660377358491,0.9813084112149533,1.0,1.0,1.0,0.9943748897901605,0.007485530187588637
121,0.11583113670349121,0.0024837070755744243,0.11825838088989257,0.009434579429185576,entropy,1,21,"{'criterion': 'entropy', 'max_features': 1, 'n_estimators': 21}",0.6428571428571429,0.9259259259259259,0.8148148148148148,0.9230769230769231,0.8076923076923077,0.8208955223880597,0.10446665533137632,224,1.0,0.9813084112149533,1.0,1.0,1.0,0.9962616822429906,0.007476635514018694
122,0.1358574390411377,0.013577481996982997,0.10895538330078125,0.005175554725866955,entropy,1,31,"{'criterion': 'entropy', 'max_features': 1, 'n_estimators': 31}",0.75,0.9629629629629629,0.8518518518518519,0.9230769230769231,0.8846153846153846,0.8731343283582089,0.07344981085286913,1,1.0,1.0,1.0,1.0,1.0,1.0,0.0
123,0.14730000495910645,0.0065355391288704845,0.1082873821258545,0.00034468029431828083,entropy,1,41,"{'criterion': 'entropy', 'max_features': 1, 'n_estimators': 41}",0.6785714285714286,0.9629629629629629,0.8888888888888888,0.8846153846153846,0.8076923076923077,0.8432835820895522,0.0977307848350801,98,1.0,1.0,1.0,1.0,1.0,1.0,0.0
124,0.14228720664978028,0.005357183393826648,0.10791511535644531,0.00044470615142848646,entropy,1,51,"{'criterion': 'entropy', 'max_features': 1, 'n_estimators': 51}",0.6785714285714286,0.9629629629629629,0.8518518518518519,0.8846153846153846,0.8076923076923077,0.835820895522388,0.09534848814522037,161,1.0,1.0,1.0,1.0,1.0,1.0,0.0
125,0.1513685703277588,0.0089514191817097,0.1755305767059326,0.02787785269442786,entropy,1,61,"{'criterion': 'entropy', 'max_features': 1, 'n_estimators': 61}",0.75,0.9629629629629629,0.8518518518518519,0.8846153846153846,0.8076923076923077,0.8507462686567164,0.07239234469589406,50,1.0,1.0,1.0,1.0,1.0,1.0,0.0
126,0.18939456939697266,0.025070510782472143,0.12524003982543946,0.016313793872906917,entropy,1,71,"{'criterion': 'entropy', 'max_features': 1, 'n_estimators': 71}",0.75,0.9629629629629629,0.8518518518518519,0.8846153846153846,0.8076923076923077,0.8507462686567164,0.07239234469589406,50,1.0,1.0,1.0,1.0,1.0,1.0,0.0
127,0.19215679168701172,0.0203010799174882,0.11069421768188477,0.009923902266067538,entropy,1,81,"{'criterion': 'entropy', 'max_features': 1, 'n_estimators': 81}",0.75,0.9629629629629629,0.8518518518518519,0.8846153846153846,0.8076923076923077,0.8507462686567164,0.07239234469589406,50,1.0,1.0,1.0,1.0,1.0,1.0,0.0
128,0.20040717124938964,0.006635654150110058,0.10686230659484863,0.0031174018860802943,entropy,1,91,"{'criterion': 'entropy', 'max_features': 1, 'n_estimators': 91}",0.7142857142857143,0.9629629629629629,0.8518518518518519,0.8846153846153846,0.8076923076923077,0.8432835820895522,0.08339760219345671,98,1.0,1.0,1.0,1.0,1.0,1.0,0.0
129,0.18871102333068848,0.037031946361032325,0.11560158729553223,0.004775615800291169,entropy,1,101,"{'criterion': 'entropy', 'max_features': 1, 'n_estimators': 101}",0.7142857142857143,0.9629629629629629,0.8518518518518519,0.8846153846153846,0.8076923076923077,0.8432835820895522,0.08339760219345671,98,1.0,1.0,1.0,1.0,1.0,1.0,0.0
130,0.12073607444763183,0.0012655180418441115,0.10424265861511231,0.0004248820727151593,entropy,2,11,"{'criterion': 'entropy', 'max_features': 2, 'n_estimators': 11}",0.7142857142857143,0.9629629629629629,0.8518518518518519,0.8461538461538461,0.8846153846153846,0.8507462686567164,0.08157991000572734,50,0.9905660377358491,0.9906542056074766,1.0,0.9907407407407407,1.0,0.9943921968168132,0.0045790854141876105
131,0.1356724739074707,0.006802001603336264,0.11659855842590332,0.006131016168480011,entropy,2,21,"{'criterion': 'entropy', 'max_features': 2, 'n_estimators': 21}",0.7142857142857143,0.9629629629629629,0.8518518518518519,0.8461538461538461,0.9230769230769231,0.8582089552238806,0.08597747161661123,21,1.0,0.9906542056074766,1.0,0.9907407407407407,1.0,0.9962789892696435,0.0045573709653781306
132,0.1436458110809326,0.011034126694715358,0.11880726814270019,0.006085227889039862,entropy,2,31,"{'criterion': 'entropy', 'max_features': 2, 'n_estimators': 31}",0.7142857142857143,0.9629629629629629,0.8148148148148148,0.8461538461538461,0.9230769230769231,0.8507462686567164,0.0877935753540676,50,1.0,1.0,1.0,1.0,1.0,1.0,0.0
133,0.13100361824035645,0.0045915750454102325,0.11037063598632812,0.001579395213439164,entropy,2,41,"{'criterion': 'entropy', 'max_features': 2, 'n_estimators': 41}",0.6785714285714286,0.9629629629629629,0.8518518518518519,0.8461538461538461,0.9230769230769231,0.8507462686567164,0.09874748872120899,50,1.0,1.0,1.0,1.0,1.0,1.0,0.0
134,0.1331477642059326,0.007779987677057331,0.13206353187561035,0.020062371900642192,entropy,2,51,"{'criterion': 'entropy', 'max_features': 2, 'n_estimators': 51}",0.7142857142857143,0.9629629629629629,0.8148148148148148,0.8461538461538461,0.9230769230769231,0.8507462686567164,0.0877935753540676,50,1.0,1.0,1.0,1.0,1.0,1.0,0.0
135,0.15655117034912108,0.017457182909523486,0.1307814598083496,0.020507739319756798,entropy,2,61,"{'criterion': 'entropy', 'max_features': 2, 'n_estimators': 61}",0.7142857142857143,0.9629629629629629,0.8148148148148148,0.8461538461538461,0.9230769230769231,0.8507462686567164,0.0877935753540676,50,1.0,1.0,1.0,1.0,1.0,1.0,0.0
136,0.15807414054870605,0.009932848795053857,0.13147945404052735,0.012205621154932907,entropy,2,71,"{'criterion': 'entropy', 'max_features': 2, 'n_estimators': 71}",0.6785714285714286,0.9629629629629629,0.8148148148148148,0.8461538461538461,0.8846153846153846,0.835820895522388,0.09484544650519303,161,1.0,1.0,1.0,1.0,1.0,1.0,0.0
137,0.16949195861816407,0.017849541897663287,0.11452455520629883,0.009552229847004247,entropy,2,81,"{'criterion': 'entropy', 'max_features': 2, 'n_estimators': 81}",0.6785714285714286,0.9629629629629629,0.8518518518518519,0.8461538461538461,0.8846153846153846,0.8432835820895522,0.09435485805247767,98,1.0,1.0,1.0,1.0,1.0,1.0,0.0
138,0.15220870971679687,0.0196945203960454,0.11244797706604004,0.0021380133777668224,entropy,2,91,"{'criterion': 'entropy', 'max_features': 2, 'n_estimators': 91}",0.7142857142857143,0.9629629629629629,0.8148148148148148,0.8461538461538461,0.8846153846153846,0.8432835820895522,0.08282200542614421,98,1.0,1.0,1.0,1.0,1.0,1.0,0.0
139,0.2592307567596436,0.01571609370362188,0.10842676162719726,0.0019651760823283797,entropy,2,101,"{'criterion': 'entropy', 'max_features': 2, 'n_estimators': 101}",0.75,0.9629629629629629,0.8148148148148148,0.8461538461538461,0.8846153846153846,0.8507462686567164,0.07172848877370376,50,1.0,1.0,1.0,1.0,1.0,1.0,0.0
140,0.12478280067443848,0.005661569901732691,0.12045273780822754,0.012206143738662478,entropy,3,11,"{'criterion': 'entropy', 'max_features': 3, 'n_estimators': 11}",0.6785714285714286,0.9259259259259259,0.8148148148148148,0.8461538461538461,0.8846153846153846,0.8283582089552238,0.08554951801812236,201,0.9905660377358491,1.0,1.0,1.0,1.0,0.9981132075471699,0.003773584905660376
141,0.14296998977661132,0.016933798870524503,0.10544352531433106,0.0014339932143394454,entropy,3,21,"{'criterion': 'entropy', 'max_features': 3, 'n_estimators': 21}",0.6428571428571429,0.9629629629629629,0.8518518518518519,0.8846153846153846,0.9230769230769231,0.8507462686567164,0.11316292488532169,50,1.0,0.9906542056074766,1.0,0.9907407407407407,0.9907407407407407,0.9944271374177915,0.004550332956757942
142,0.14985966682434082,0.009173603051248518,0.11240386962890625,0.0026660787579616454,entropy,3,31,"{'criterion': 'entropy', 'max_features': 3, 'n_estimators': 31}",0.6428571428571429,0.9629629629629629,0.9259259259259259,0.8461538461538461,0.9230769230769231,0.8582089552238806,0.11691988183961687,21,1.0,1.0,1.0,1.0,1.0,1.0,0.0
143,0.13605313301086425,0.007213820275333068,0.12242240905761718,0.019937202457340635,entropy,3,41,"{'criterion': 'entropy', 'max_features': 3, 'n_estimators': 41}",0.6785714285714286,0.9629629629629629,0.8518518518518519,0.8461538461538461,0.9230769230769231,0.8507462686567164,0.09874748872120899,50,1.0,1.0,1.0,1.0,1.0,1.0,0.0
144,0.14568514823913575,0.007400609154969738,0.14998512268066405,0.010083131409072221,entropy,3,51,"{'criterion': 'entropy', 'max_features': 3, 'n_estimators': 51}",0.6785714285714286,0.9629629629629629,0.8148148148148148,0.8461538461538461,0.8846153846153846,0.835820895522388,0.09484544650519303,161,1.0,1.0,1.0,1.0,1.0,1.0,0.0
145,0.15521502494812012,0.00703363594662222,0.11497077941894532,0.015117342720522627,entropy,3,61,"{'criterion': 'entropy', 'max_features': 3, 'n_estimators': 61}",0.6428571428571429,0.9629629629629629,0.8518518518518519,0.8461538461538461,0.9615384615384616,0.8507462686567164,0.11812685213074345,50,1.0,1.0,1.0,1.0,1.0,1.0,0.0
146,0.17521724700927735,0.017057506498163507,0.10602660179138183,0.0013534107323446534,entropy,3,71,"{'criterion': 'entropy', 'max_features': 3, 'n_estimators': 71}",0.6785714285714286,0.9629629629629629,0.8888888888888888,0.8461538461538461,0.9615384615384616,0.8656716417910447,0.10577232728246928,3,1.0,1.0,1.0,1.0,1.0,1.0,0.0
147,0.1588409423828125,0.0038423565529382554,0.11051106452941895,0.0029085388838733886,entropy,3,81,"{'criterion': 'entropy', 'max_features': 3, 'n_estimators': 81}",0.6428571428571429,0.9629629629629629,0.8888888888888888,0.8461538461538461,0.9615384615384616,0.8582089552238806,0.11912664917650076,21,1.0,1.0,1.0,1.0,1.0,1.0,0.0
148,0.18622512817382814,0.04028619136087655,0.12337923049926758,0.014669169786679058,entropy,3,91,"{'criterion': 'entropy', 'max_features': 3, 'n_estimators': 91}",0.6785714285714286,0.9629629629629629,0.8888888888888888,0.8461538461538461,0.9230769230769231,0.8582089552238806,0.09994134218854507,21,1.0,1.0,1.0,1.0,1.0,1.0,0.0
149,0.2795680522918701,0.003340882845445708,0.10980238914489746,0.003288371221858847,entropy,3,101,"{'criterion': 'entropy', 'max_features': 3, 'n_estimators': 101}",0.6785714285714286,0.9629629629629629,0.8888888888888888,0.8461538461538461,0.9230769230769231,0.8582089552238806,0.09994134218854507,21,1.0,1.0,1.0,1.0,1.0,1.0,0.0
150,0.13320159912109375,0.008529487475677775,0.1208953857421875,0.004752396471506377,entropy,4,11,"{'criterion': 'entropy', 'max_features': 4, 'n_estimators': 11}",0.6071428571428571,0.9629629629629629,0.8148148148148148,0.8461538461538461,0.8461538461538461,0.8134328358208955,0.11752997904895335,234,0.9905660377358491,1.0,1.0,1.0,1.0,0.9981132075471699,0.003773584905660376
151,0.14181675910949706,0.015281710135443077,0.11116170883178711,0.0023853486372428703,entropy,4,21,"{'criterion': 'entropy', 'max_features': 4, 'n_estimators': 21}",0.6785714285714286,0.9629629629629629,0.8148148148148148,0.8461538461538461,0.8846153846153846,0.835820895522388,0.09484544650519303,161,1.0,0.9906542056074766,1.0,1.0,1.0,0.9981308411214954,0.0037383177570093464
152,0.140313720703125,0.006746370310312676,0.1135164737701416,0.0005657784223365179,entropy,4,31,"{'criterion': 'entropy', 'max_features': 4, 'n_estimators': 31}",0.6071428571428571,0.9629629629629629,0.8518518518518519,0.8461538461538461,0.8461538461538461,0.8208955223880597,0.11855221058832933,224,1.0,1.0,1.0,1.0,1.0,1.0,0.0
153,0.14350132942199706,0.015103627049697787,0.1281446933746338,0.013020559568727828,entropy,4,41,"{'criterion': 'entropy', 'max_features': 4, 'n_estimators': 41}",0.6428571428571429,0.9629629629629629,0.8518518518518519,0.8461538461538461,0.8846153846153846,0.835820895522388,0.10757352099181337,161,1.0,1.0,1.0,1.0,1.0,1.0,0.0
154,0.14593987464904784,0.008289125471784925,0.1354689598083496,0.007502693364665187,entropy,4,51,"{'criterion': 'entropy', 'max_features': 4, 'n_estimators': 51}",0.6071428571428571,0.9629629629629629,0.8888888888888888,0.8461538461538461,0.9230769230769231,0.8432835820895522,0.1272553237578051,98,1.0,1.0,1.0,1.0,1.0,1.0,0.0
155,0.14921326637268068,0.026546737834096844,0.11025805473327636,0.008241062524669532,entropy,4,61,"{'criterion': 'entropy', 'max_features': 4, 'n_estimators': 61}",0.6428571428571429,0.9629629629629629,0.8148148148148148,0.8461538461538461,0.9615384615384616,0.8432835820895522,0.11898805007472059,98,1.0,1.0,1.0,1.0,1.0,1.0,0.0
156,0.1572202205657959,0.005477078378383409,0.11210346221923828,0.0029702475563685316,entropy,4,71,"{'criterion': 'entropy', 'max_features': 4, 'n_estimators': 71}",0.7142857142857143,0.9629629629629629,0.8148148148148148,0.8461538461538461,0.9230769230769231,0.8507462686567164,0.0877935753540676,50,1.0,1.0,1.0,1.0,1.0,1.0,0.0
157,0.15273447036743165,0.007393868319401801,0.11483178138732911,0.002972552095144613,entropy,4,81,"{'criterion': 'entropy', 'max_features': 4, 'n_estimators': 81}",0.6428571428571429,0.9629629629629629,0.8888888888888888,0.8461538461538461,0.9615384615384616,0.8582089552238806,0.11912664917650076,21,1.0,1.0,1.0,1.0,1.0,1.0,0.0
158,0.15977916717529297,0.00489333906022818,0.11063609123229981,0.00355066549251705,entropy,4,91,"{'criterion': 'entropy', 'max_features': 4, 'n_estimators': 91}",0.6428571428571429,0.9629629629629629,0.8518518518518519,0.8461538461538461,0.9615384615384616,0.8507462686567164,0.11812685213074345,50,1.0,1.0,1.0,1.0,1.0,1.0,0.0
159,0.1584679126739502,0.004427613316317279,0.10970921516418457,0.0023085706201302738,entropy,4,101,"{'criterion': 'entropy', 'max_features': 4, 'n_estimators': 101}",0.6428571428571429,0.9629629629629629,0.8518518518518519,0.8461538461538461,0.9230769230769231,0.8432835820895522,0.11194495562917366,98,1.0,1.0,1.0,1.0,1.0,1.0,0.0
160,0.11537380218505859,0.0057689230043739366,0.10316028594970703,5.175838373145637e-05,entropy,5,11,"{'criterion': 'entropy', 'max_features': 5, 'n_estimators': 11}",0.7142857142857143,0.8888888888888888,0.8148148148148148,0.8461538461538461,0.8076923076923077,0.8134328358208955,0.05844486606023303,234,0.9905660377358491,1.0,1.0,0.9907407407407407,1.0,0.9962613556953179,0.0045792187073112256
161,0.11603226661682128,0.0037302458375718358,0.10657625198364258,0.00047378784311896487,entropy,5,21,"{'criterion': 'entropy', 'max_features': 5, 'n_estimators': 21}",0.7142857142857143,0.9629629629629629,0.8518518518518519,0.8461538461538461,0.8461538461538461,0.8432835820895522,0.07988183297070288,98,1.0,0.9906542056074766,1.0,1.0,0.9907407407407407,0.9962789892696435,0.0045573709653781306
162,0.12151455879211426,0.002158479519079733,0.1118232250213623,0.0013437537081694222,entropy,5,31,"{'criterion': 'entropy', 'max_features': 5, 'n_estimators': 31}",0.7142857142857143,0.9629629629629629,0.8518518518518519,0.8461538461538461,0.8076923076923077,0.835820895522388,0.08105308255850169,161,1.0,1.0,1.0,1.0,1.0,1.0,0.0
163,0.1433459758758545,0.013112270435651914,0.11642622947692871,0.0032285713745224065,entropy,5,41,"{'criterion': 'entropy', 'max_features': 5, 'n_estimators': 41}",0.6785714285714286,0.9629629629629629,0.8518518518518519,0.8461538461538461,0.8076923076923077,0.8283582089552238,0.09270594884146864,201,1.0,1.0,1.0,1.0,1.0,1.0,0.0
164,0.14871292114257811,0.01304574953858816,0.11298842430114746,0.003957292327683955,entropy,5,51,"{'criterion': 'entropy', 'max_features': 5, 'n_estimators': 51}",0.6785714285714286,0.9629629629629629,0.8518518518518519,0.8461538461538461,0.8461538461538461,0.835820895522388,0.09228911841988982,161,1.0,1.0,1.0,1.0,1.0,1.0,0.0
165,0.14742431640625,0.013899464850618945,0.11075882911682129,0.0028252289943343995,entropy,5,61,"{'criterion': 'entropy', 'max_features': 5, 'n_estimators': 61}",0.6785714285714286,0.9629629629629629,0.8518518518518519,0.8461538461538461,0.8461538461538461,0.835820895522388,0.09228911841988982,161,1.0,1.0,1.0,1.0,1.0,1.0,0.0
166,0.15629153251647948,0.015012030959251521,0.10928564071655274,0.0010231838075225362,entropy,5,71,"{'criterion': 'entropy', 'max_features': 5, 'n_estimators': 71}",0.6428571428571429,0.9629629629629629,0.8518518518518519,0.8461538461538461,0.8461538461538461,0.8283582089552238,0.10523840162979425,201,1.0,1.0,1.0,1.0,1.0,1.0,0.0
167,0.14641518592834474,0.015258949420056537,0.10942068099975585,0.0028328345671785574,entropy,5,81,"{'criterion': 'entropy', 'max_features': 5, 'n_estimators': 81}",0.6428571428571429,0.9629629629629629,0.8888888888888888,0.8461538461538461,0.8461538461538461,0.835820895522388,0.10791884298904823,161,1.0,1.0,1.0,1.0,1.0,1.0,0.0
168,0.16368136405944825,0.006626289560435764,0.1072690486907959,0.0010188699855836075,entropy,5,91,"{'criterion': 'entropy', 'max_features': 5, 'n_estimators': 91}",0.6428571428571429,0.9629629629629629,0.8888888888888888,0.8461538461538461,0.8846153846153846,0.8432835820895522,0.1096906310104815,98,1.0,1.0,1.0,1.0,1.0,1.0,0.0
169,0.15717334747314454,0.016511465787530485,0.10784540176391602,0.000663540050280707,entropy,5,101,"{'criterion': 'entropy', 'max_features': 5, 'n_estimators': 101}",0.6428571428571429,0.9629629629629629,0.8888888888888888,0.8461538461538461,0.8846153846153846,0.8432835820895522,0.1096906310104815,98,1.0,1.0,1.0,1.0,1.0,1.0,0.0
170,0.12744851112365724,0.007582511207929761,0.1041062355041504,0.00016750403673194335,entropy,6,11,"{'criterion': 'entropy', 'max_features': 6, 'n_estimators': 11}",0.6785714285714286,0.8888888888888888,0.8888888888888888,0.8846153846153846,0.8076923076923077,0.8283582089552238,0.08283479887327015,201,0.9905660377358491,0.9906542056074766,1.0,1.0,1.0,0.9962440486686651,0.0046001666233293015
171,0.1385340690612793,0.011485527135430603,0.10770788192749023,0.0008409631929902531,entropy,6,21,"{'criterion': 'entropy', 'max_features': 6, 'n_estimators': 21}",0.6428571428571429,0.9259259259259259,0.9259259259259259,0.8461538461538461,0.8076923076923077,0.8283582089552238,0.10569198950915668,201,1.0,0.9906542056074766,1.0,0.9907407407407407,0.9907407407407407,0.9944271374177915,0.004550332956757942
172,0.1331425666809082,0.010478153343134995,0.11234512329101562,0.002433859714791154,entropy,6,31,"{'criterion': 'entropy', 'max_features': 6, 'n_estimators': 31}",0.6071428571428571,0.9629629629629629,0.9259259259259259,0.8461538461538461,0.8076923076923077,0.8283582089552238,0.12624826404915532,201,1.0,1.0,1.0,1.0,1.0,1.0,0.0
173,0.140045166015625,0.007292311994173182,0.11134529113769531,0.001980538547313549,entropy,6,41,"{'criterion': 'entropy', 'max_features': 6, 'n_estimators': 41}",0.6071428571428571,0.9629629629629629,0.9259259259259259,0.8461538461538461,0.8076923076923077,0.8283582089552238,0.12624826404915532,201,1.0,1.0,1.0,1.0,1.0,1.0,0.0
174,0.14213409423828124,0.009894344155838094,0.10924711227416992,0.0015269410981161267,entropy,6,51,"{'criterion': 'entropy', 'max_features': 6, 'n_estimators': 51}",0.6071428571428571,0.9629629629629629,0.9259259259259259,0.8461538461538461,0.8076923076923077,0.8283582089552238,0.12624826404915532,201,1.0,1.0,1.0,1.0,1.0,1.0,0.0
175,0.16657004356384278,0.02536209840047841,0.10617947578430176,0.0024940415528430003,entropy,6,61,"{'criterion': 'entropy', 'max_features': 6, 'n_estimators': 61}",0.6071428571428571,0.9629629629629629,0.9259259259259259,0.8461538461538461,0.8076923076923077,0.8283582089552238,0.12624826404915532,201,1.0,1.0,1.0,1.0,1.0,1.0,0.0
176,0.14323139190673828,0.003555008824438298,0.11045002937316895,0.003866847534490204,entropy,6,71,"{'criterion': 'entropy', 'max_features': 6, 'n_estimators': 71}",0.6071428571428571,0.9629629629629629,0.9259259259259259,0.8461538461538461,0.8076923076923077,0.8283582089552238,0.12624826404915532,201,1.0,1.0,1.0,1.0,1.0,1.0,0.0
177,0.14706053733825683,0.009783671091844796,0.11310234069824218,0.004284854603321177,entropy,6,81,"{'criterion': 'entropy', 'max_features': 6, 'n_estimators': 81}",0.6071428571428571,0.9629629629629629,0.9259259259259259,0.8461538461538461,0.8461538461538461,0.835820895522388,0.12594249721022963,161,1.0,1.0,1.0,1.0,1.0,1.0,0.0
178,0.17401700019836425,0.04417019047714325,0.11021461486816406,0.0025531585032763393,entropy,6,91,"{'criterion': 'entropy', 'max_features': 6, 'n_estimators': 91}",0.6071428571428571,0.9629629629629629,0.8888888888888888,0.8461538461538461,0.8461538461538461,0.8283582089552238,0.12139755150529197,201,1.0,1.0,1.0,1.0,1.0,1.0,0.0
179,0.2033993721008301,0.012460170116836202,0.10742082595825195,0.002498216179435371,entropy,6,101,"{'criterion': 'entropy', 'max_features': 6, 'n_estimators': 101}",0.6071428571428571,0.9629629629629629,0.8888888888888888,0.8461538461538461,0.8846153846153846,0.835820895522388,0.12342733389513946,161,1.0,1.0,1.0,1.0,1.0,1.0,0.0
180,0.16001286506652831,0.011934553958925589,0.10517473220825195,0.0023359763536868897,entropy,7,11,"{'criterion': 'entropy', 'max_features': 7, 'n_estimators': 11}",0.6428571428571429,1.0,0.8888888888888888,0.8846153846153846,0.7692307692307693,0.835820895522388,0.12288785195003238,161,0.9905660377358491,1.0,1.0,0.9907407407407407,1.0,0.9962613556953179,0.0045792187073112256
181,0.13582077026367187,0.014085044897561745,0.11284751892089843,0.0013329406199423745,entropy,7,21,"{'criterion': 'entropy', 'max_features': 7, 'n_estimators': 21}",0.6428571428571429,0.9629629629629629,0.8888888888888888,0.8461538461538461,0.7692307692307693,0.8208955223880597,0.1107400977383859,224,1.0,0.9906542056074766,1.0,1.0,1.0,0.9981308411214954,0.0037383177570093464
182,0.1306786060333252,0.005162254092897437,0.13170108795166016,0.009914148943049582,entropy,7,31,"{'criterion': 'entropy', 'max_features': 7, 'n_estimators': 31}",0.6071428571428571,0.9629629629629629,0.8888888888888888,0.8461538461538461,0.7692307692307693,0.8134328358208955,0.12301012691357369,234,1.0,1.0,1.0,1.0,1.0,1.0,0.0
183,0.14730424880981446,0.026259707318659453,0.11398024559020996,0.012769075666198905,entropy,7,41,"{'criterion': 'entropy', 'max_features': 7, 'n_estimators': 41}",0.6071428571428571,0.9629629629629629,0.8888888888888888,0.8846153846153846,0.8076923076923077,0.8283582089552238,0.12373931600077154,201,1.0,1.0,1.0,1.0,1.0,1.0,0.0
184,0.15421433448791505,0.014633247350435056,0.10496311187744141,0.0009454636629150885,entropy,7,51,"{'criterion': 'entropy', 'max_features': 7, 'n_estimators': 51}",0.6071428571428571,0.9629629629629629,0.8518518518518519,0.8846153846153846,0.8076923076923077,0.8208955223880597,0.12094907791396498,224,1.0,1.0,1.0,1.0,1.0,1.0,0.0
185,0.16524991989135743,0.0069105769315684065,0.11473965644836426,0.004751719023892168,entropy,7,61,"{'criterion': 'entropy', 'max_features': 7, 'n_estimators': 61}",0.6428571428571429,0.9629629629629629,0.8518518518518519,0.8461538461538461,0.8076923076923077,0.8208955223880597,0.10507544607505108,224,1.0,1.0,1.0,1.0,1.0,1.0,0.0
186,0.15094380378723143,0.003627896167178025,0.11359400749206543,0.003586708102307208,entropy,7,71,"{'criterion': 'entropy', 'max_features': 7, 'n_estimators': 71}",0.6428571428571429,0.9629629629629629,0.8518518518518519,0.8461538461538461,0.8076923076923077,0.8208955223880597,0.10507544607505108,224,1.0,1.0,1.0,1.0,1.0,1.0,0.0
187,0.2328007698059082,0.058111862767700306,0.11294975280761718,0.005247340357871137,entropy,7,81,"{'criterion': 'entropy', 'max_features': 7, 'n_estimators': 81}",0.6428571428571429,0.9629629629629629,0.8888888888888888,0.8461538461538461,0.8076923076923077,0.8283582089552238,0.10827552005865128,201,1.0,1.0,1.0,1.0,1.0,1.0,0.0
188,0.1880040645599365,0.023346208053675776,0.10642843246459961,0.0016907875855185013,entropy,7,91,"{'criterion': 'entropy', 'max_features': 7, 'n_estimators': 91}",0.6428571428571429,0.9629629629629629,0.8888888888888888,0.8461538461538461,0.8076923076923077,0.8283582089552238,0.10827552005865128,201,1.0,1.0,1.0,1.0,1.0,1.0,0.0
189,0.17830829620361327,0.013326247495161363,0.10893902778625489,0.0024497910614619894,entropy,7,101,"{'criterion': 'entropy', 'max_features': 7, 'n_estimators': 101}",0.6428571428571429,0.9629629629629629,0.9259259259259259,0.8461538461538461,0.8076923076923077,0.835820895522388,0.11334785104288514,161,1.0,1.0,1.0,1.0,1.0,1.0,0.0
190,0.1255014419555664,0.01109483423954517,0.10330410003662109,0.0004037049764209143,entropy,8,11,"{'criterion': 'entropy', 'max_features': 8, 'n_estimators': 11}",0.8571428571428571,0.9629629629629629,0.8518518518518519,0.8461538461538461,0.8076923076923077,0.8656716417910447,0.05183720428332408,3,0.9811320754716981,1.0,1.0,1.0,0.9907407407407407,0.9943745632424876,0.007530003512243882
191,0.11916213035583496,0.0034164209319085793,0.11290874481201171,0.009525758499851024,entropy,8,21,"{'criterion': 'entropy', 'max_features': 8, 'n_estimators': 21}",0.75,0.9629629629629629,0.9259259259259259,0.8461538461538461,0.7692307692307693,0.8507462686567164,0.08420437815750371,50,1.0,0.9906542056074766,1.0,0.9907407407407407,1.0,0.9962789892696435,0.0045573709653781306
192,0.12248668670654297,0.005318476330829585,0.11540837287902832,0.009692323637912772,entropy,8,31,"{'criterion': 'entropy', 'max_features': 8, 'n_estimators': 31}",0.7142857142857143,0.9629629629629629,0.9259259259259259,0.8461538461538461,0.8076923076923077,0.8507462686567164,0.08905590735041968,50,1.0,1.0,1.0,1.0,1.0,1.0,0.0
193,0.1478339672088623,0.02117847306702665,0.10775299072265625,0.0015537785181301467,entropy,8,41,"{'criterion': 'entropy', 'max_features': 8, 'n_estimators': 41}",0.7142857142857143,0.9629629629629629,0.8888888888888888,0.8461538461538461,0.7692307692307693,0.835820895522388,0.08827299740844641,161,1.0,1.0,1.0,1.0,1.0,1.0,0.0
194,0.15188961029052733,0.004939606556569091,0.11152882575988769,0.002484303456055366,entropy,8,51,"{'criterion': 'entropy', 'max_features': 8, 'n_estimators': 51}",0.7142857142857143,0.9629629629629629,0.9259259259259259,0.8461538461538461,0.8076923076923077,0.8507462686567164,0.08905590735041968,50,1.0,1.0,1.0,1.0,1.0,1.0,0.0
195,0.13593096733093263,0.003130964652168305,0.11115641593933105,0.0011915442291293116,entropy,8,61,"{'criterion': 'entropy', 'max_features': 8, 'n_estimators': 61}",0.7142857142857143,0.9629629629629629,0.9259259259259259,0.8461538461538461,0.8076923076923077,0.8507462686567164,0.08905590735041968,50,1.0,1.0,1.0,1.0,1.0,1.0,0.0
196,0.14663481712341309,0.01169572300927339,0.11845178604125976,0.012700865178068114,entropy,8,71,"{'criterion': 'entropy', 'max_features': 8, 'n_estimators': 71}",0.7142857142857143,0.9629629629629629,0.9259259259259259,0.8461538461538461,0.8076923076923077,0.8507462686567164,0.08905590735041968,50,1.0,1.0,1.0,1.0,1.0,1.0,0.0
197,0.1931673049926758,0.020390765028208215,0.10809149742126464,0.00432416325729058,entropy,8,81,"{'criterion': 'entropy', 'max_features': 8, 'n_estimators': 81}",0.7142857142857143,0.9629629629629629,0.9259259259259259,0.8461538461538461,0.8076923076923077,0.8507462686567164,0.08905590735041968,50,1.0,1.0,1.0,1.0,1.0,1.0,0.0
198,0.19648489952087403,0.020383193622125033,0.10729837417602539,0.0016033554325034327,entropy,8,91,"{'criterion': 'entropy', 'max_features': 8, 'n_estimators': 91}",0.7142857142857143,0.9629629629629629,0.9259259259259259,0.8461538461538461,0.8076923076923077,0.8507462686567164,0.08905590735041968,50,1.0,1.0,1.0,1.0,1.0,1.0,0.0
199,0.16451849937438964,0.009532012081359549,0.10744009017944336,0.0020235241880071746,entropy,8,101,"{'criterion': 'entropy', 'max_features': 8, 'n_estimators': 101}",0.7142857142857143,0.9629629629629629,0.9259259259259259,0.8461538461538461,0.8461538461538461,0.8582089552238806,0.08671616295323258,21,1.0,1.0,1.0,1.0,1.0,1.0,0.0
200,0.13527889251708985,0.006020782038333556,0.10413002967834473,0.0006203517831746357,entropy,9,11,"{'criterion': 'entropy', 'max_features': 9, 'n_estimators': 11}",0.7142857142857143,0.9629629629629629,0.8888888888888888,0.8461538461538461,0.8461538461538461,0.8507462686567164,0.08203472417251918,50,0.9905660377358491,0.9813084112149533,1.0,0.9907407407407407,1.0,0.9925230379383085,0.006994057606011343
201,0.13094563484191896,0.00230214505608985,0.12281479835510253,0.010971452233763158,entropy,9,21,"{'criterion': 'entropy', 'max_features': 9, 'n_estimators': 21}",0.7142857142857143,0.9629629629629629,0.9259259259259259,0.8461538461538461,0.8076923076923077,0.8507462686567164,0.08905590735041968,50,1.0,0.9906542056074766,1.0,0.9907407407407407,1.0,0.9962789892696435,0.0045573709653781306
202,0.1324458599090576,0.011911772998284977,0.10609254837036133,0.0021495983392668043,entropy,9,31,"{'criterion': 'entropy', 'max_features': 9, 'n_estimators': 31}",0.7142857142857143,0.9629629629629629,0.9259259259259259,0.8461538461538461,0.8461538461538461,0.8582089552238806,0.08671616295323258,21,1.0,1.0,1.0,1.0,1.0,1.0,0.0
203,0.1549381732940674,0.008040137380147744,0.10941882133483886,0.0018568973818962407,entropy,9,41,"{'criterion': 'entropy', 'max_features': 9, 'n_estimators': 41}",0.7142857142857143,0.9629629629629629,0.9259259259259259,0.8461538461538461,0.8076923076923077,0.8507462686567164,0.08905590735041968,50,1.0,1.0,1.0,1.0,1.0,1.0,0.0
204,0.1512899398803711,0.005204503018889509,0.1121170997619629,0.0016139370111039157,entropy,9,51,"{'criterion': 'entropy', 'max_features': 9, 'n_estimators': 51}",0.6785714285714286,0.9629629629629629,0.9259259259259259,0.8461538461538461,0.8076923076923077,0.8432835820895522,0.10088861261592992,98,1.0,1.0,1.0,1.0,1.0,1.0,0.0
205,0.1465066432952881,0.005529136511037978,0.1136934757232666,0.0011114232859117858,entropy,9,61,"{'criterion': 'entropy', 'max_features': 9, 'n_estimators': 61}",0.6785714285714286,0.9629629629629629,0.9259259259259259,0.8461538461538461,0.8076923076923077,0.8432835820895522,0.10088861261592992,98,1.0,1.0,1.0,1.0,1.0,1.0,0.0
206,0.1431117534637451,0.006716971488117882,0.11637072563171387,0.0020938833167245636,entropy,9,71,"{'criterion': 'entropy', 'max_features': 9, 'n_estimators': 71}",0.6785714285714286,0.9629629629629629,0.9259259259259259,0.8461538461538461,0.8076923076923077,0.8432835820895522,0.10088861261592992,98,1.0,1.0,1.0,1.0,1.0,1.0,0.0
207,0.20635275840759276,0.016593796868148682,0.1057441234588623,0.0010514882235770893,entropy,9,81,"{'criterion': 'entropy', 'max_features': 9, 'n_estimators': 81}",0.6785714285714286,0.9629629629629629,0.9259259259259259,0.8461538461538461,0.8076923076923077,0.8432835820895522,0.10088861261592992,98,1.0,1.0,1.0,1.0,1.0,1.0,0.0
208,0.16461844444274903,0.011274347160895612,0.10848603248596192,0.003069361991216379,entropy,9,91,"{'criterion': 'entropy', 'max_features': 9, 'n_estimators': 91}",0.6785714285714286,0.9629629629629629,0.9259259259259259,0.8461538461538461,0.8076923076923077,0.8432835820895522,0.10088861261592992,98,1.0,1.0,1.0,1.0,1.0,1.0,0.0
209,0.15425324440002441,0.0058866374097680885,0.11074337959289551,0.001335375013128048,entropy,9,101,"{'criterion': 'entropy', 'max_features': 9, 'n_estimators': 101}",0.6785714285714286,0.9629629629629629,0.9259259259259259,0.8461538461538461,0.8076923076923077,0.8432835820895522,0.10088861261592992,98,1.0,1.0,1.0,1.0,1.0,1.0,0.0
210,0.12628788948059083,0.005789968214665297,0.10392208099365234,0.0012371411408339614,entropy,10,11,"{'criterion': 'entropy', 'max_features': 10, 'n_estimators': 11}",0.75,0.9259259259259259,0.8888888888888888,0.8461538461538461,0.8076923076923077,0.8432835820895522,0.06213609174747325,98,0.9905660377358491,0.9813084112149533,1.0,0.9907407407407407,1.0,0.9925230379383085,0.006994057606011343
211,0.13621530532836915,0.003301662804146673,0.11952261924743653,0.00839735058028224,entropy,10,21,"{'criterion': 'entropy', 'max_features': 10, 'n_estimators': 21}",0.75,0.9629629629629629,0.8888888888888888,0.8461538461538461,0.8076923076923077,0.8507462686567164,0.07290449796883505,50,1.0,0.9906542056074766,1.0,0.9907407407407407,0.9907407407407407,0.9944271374177915,0.004550332956757942
212,0.14876418113708495,0.007164118839329188,0.1082921028137207,0.0023361793022642872,entropy,10,31,"{'criterion': 'entropy', 'max_features': 10, 'n_estimators': 31}",0.7142857142857143,0.9629629629629629,0.8888888888888888,0.8461538461538461,0.8076923076923077,0.8432835820895522,0.08384255664718715,98,1.0,1.0,1.0,1.0,1.0,1.0,0.0
213,0.14737801551818847,0.004011836017229877,0.11184945106506347,0.001865823492067618,entropy,10,41,"{'criterion': 'entropy', 'max_features': 10, 'n_estimators': 41}",0.7142857142857143,0.9629629629629629,0.8888888888888888,0.8461538461538461,0.8076923076923077,0.8432835820895522,0.08384255664718715,98,1.0,1.0,1.0,1.0,1.0,1.0,0.0
214,0.15626826286315917,0.006320810123203508,0.11215524673461914,0.0002746634764297556,entropy,10,51,"{'criterion': 'entropy', 'max_features': 10, 'n_estimators': 51}",0.7142857142857143,0.9629629629629629,0.9259259259259259,0.8461538461538461,0.8076923076923077,0.8507462686567164,0.08905590735041968,50,1.0,1.0,1.0,1.0,1.0,1.0,0.0
215,0.1404129981994629,0.010992245253525183,0.12237625122070313,0.024027739820314444,entropy,10,61,"{'criterion': 'entropy', 'max_features': 10, 'n_estimators': 61}",0.7142857142857143,0.9629629629629629,0.9259259259259259,0.8461538461538461,0.8076923076923077,0.8507462686567164,0.08905590735041968,50,1.0,1.0,1.0,1.0,1.0,1.0,0.0
216,0.16742973327636718,0.011813698895885058,0.13884210586547852,0.025680286422277734,entropy,10,71,"{'criterion': 'entropy', 'max_features': 10, 'n_estimators': 71}",0.7142857142857143,0.9629629629629629,0.9259259259259259,0.8461538461538461,0.8076923076923077,0.8507462686567164,0.08905590735041968,50,1.0,1.0,1.0,1.0,1.0,1.0,0.0
217,0.21439313888549805,0.04731759914974201,0.10673708915710449,0.001003650656576563,entropy,10,81,"{'criterion': 'entropy', 'max_features': 10, 'n_estimators': 81}",0.7142857142857143,0.9259259259259259,0.9259259259259259,0.8461538461538461,0.8076923076923077,0.8432835820895522,0.08047846114066219,98,1.0,1.0,1.0,1.0,1.0,1.0,0.0
218,0.2047356128692627,0.04394737133062349,0.10579681396484375,0.0007189315755420426,entropy,10,91,"{'criterion': 'entropy', 'max_features': 10, 'n_estimators': 91}",0.7142857142857143,0.9259259259259259,0.9259259259259259,0.8461538461538461,0.8076923076923077,0.8432835820895522,0.08047846114066219,98,1.0,1.0,1.0,1.0,1.0,1.0,0.0
219,0.17591729164123535,0.003895563836823852,0.10588445663452148,0.0005972068667816745,entropy,10,101,"{'criterion': 'entropy', 'max_features': 10, 'n_estimators': 101}",0.7142857142857143,0.9259259259259259,0.9259259259259259,0.8461538461538461,0.8076923076923077,0.8432835820895522,0.08047846114066219,98,1.0,1.0,1.0,1.0,1.0,1.0,0.0
220,0.15332918167114257,0.012144051388384564,0.1102229118347168,0.009399474365564217,entropy,11,11,"{'criterion': 'entropy', 'max_features': 11, 'n_estimators': 11}",0.7142857142857143,0.9629629629629629,0.8518518518518519,0.8461538461538461,0.8076923076923077,0.835820895522388,0.08105308255850169,161,0.9905660377358491,0.9906542056074766,1.0,0.9907407407407407,0.9907407407407407,0.9925403449649612,0.003730389113221864
221,0.12245779037475586,0.00859226679874964,0.11414203643798829,0.005158299078559441,entropy,11,21,"{'criterion': 'entropy', 'max_features': 11, 'n_estimators': 21}",0.6785714285714286,0.9629629629629629,0.8518518518518519,0.8461538461538461,0.8076923076923077,0.8283582089552238,0.09270594884146864,201,1.0,0.9906542056074766,1.0,0.9907407407407407,1.0,0.9962789892696435,0.0045573709653781306
222,0.13585777282714845,0.007646568720400124,0.10729455947875977,0.0027950013099036176,entropy,11,31,"{'criterion': 'entropy', 'max_features': 11, 'n_estimators': 31}",0.6785714285714286,0.9629629629629629,0.8888888888888888,0.8461538461538461,0.8076923076923077,0.835820895522388,0.0957379153997932,161,1.0,1.0,1.0,1.0,1.0,1.0,0.0
223,0.13758463859558107,0.0030319185399731814,0.11331605911254883,0.0014518868606251695,entropy,11,41,"{'criterion': 'entropy', 'max_features': 11, 'n_estimators': 41}",0.7142857142857143,0.9629629629629629,0.9259259259259259,0.8461538461538461,0.8076923076923077,0.8507462686567164,0.08905590735041968,50,1.0,1.0,1.0,1.0,1.0,1.0,0.0
224,0.12977514266967774,0.005264772274006634,0.11611275672912598,0.00421893056304787,entropy,11,51,"{'criterion': 'entropy', 'max_features': 11, 'n_estimators': 51}",0.7142857142857143,0.9629629629629629,0.9259259259259259,0.8461538461538461,0.8076923076923077,0.8507462686567164,0.08905590735041968,50,1.0,1.0,1.0,1.0,1.0,1.0,0.0
225,0.13973627090454102,0.013971873270007937,0.11288070678710938,0.005672251174444736,entropy,11,61,"{'criterion': 'entropy', 'max_features': 11, 'n_estimators': 61}",0.7142857142857143,0.9259259259259259,0.9259259259259259,0.8461538461538461,0.8076923076923077,0.8432835820895522,0.08047846114066219,98,1.0,1.0,1.0,1.0,1.0,1.0,0.0
226,0.15073785781860352,0.01037289450364269,0.12977943420410157,0.011758349105666262,entropy,11,71,"{'criterion': 'entropy', 'max_features': 11, 'n_estimators': 71}",0.7142857142857143,0.9259259259259259,0.9259259259259259,0.8461538461538461,0.8076923076923077,0.8432835820895522,0.08047846114066219,98,1.0,1.0,1.0,1.0,1.0,1.0,0.0
227,0.15416507720947265,0.008017270664872851,0.1065699577331543,0.0005351236764230925,entropy,11,81,"{'criterion': 'entropy', 'max_features': 11, 'n_estimators': 81}",0.7142857142857143,0.9259259259259259,0.9259259259259259,0.8461538461538461,0.8076923076923077,0.8432835820895522,0.08047846114066219,98,1.0,1.0,1.0,1.0,1.0,1.0,0.0
228,0.147415828704834,0.014863444619315647,0.1080592155456543,0.002014966065431775,entropy,11,91,"{'criterion': 'entropy', 'max_features': 11, 'n_estimators': 91}",0.6785714285714286,0.9629629629629629,0.9259259259259259,0.8461538461538461,0.8076923076923077,0.8432835820895522,0.10088861261592992,98,1.0,1.0,1.0,1.0,1.0,1.0,0.0
229,0.15631213188171386,0.005151346853289398,0.10513291358947754,0.0005692686538037922,entropy,11,101,"{'criterion': 'entropy', 'max_features': 11, 'n_estimators': 101}",0.6785714285714286,0.9629629629629629,0.9259259259259259,0.8461538461538461,0.8076923076923077,0.8432835820895522,0.10088861261592992,98,1.0,1.0,1.0,1.0,1.0,1.0,0.0
230,0.13019776344299316,0.009497603673144006,0.116949462890625,0.011110129631880804,entropy,12,11,"{'criterion': 'entropy', 'max_features': 12, 'n_estimators': 11}",0.7142857142857143,0.9629629629629629,0.8518518518518519,0.8461538461538461,0.8076923076923077,0.835820895522388,0.08105308255850169,161,0.9905660377358491,1.0,1.0,1.0,1.0,0.9981132075471699,0.003773584905660376
231,0.1252349853515625,0.007091624582145892,0.12285480499267579,0.014026270626078325,entropy,12,21,"{'criterion': 'entropy', 'max_features': 12, 'n_estimators': 21}",0.6785714285714286,0.9259259259259259,0.8888888888888888,0.8461538461538461,0.8076923076923077,0.8283582089552238,0.08653790935458036,201,1.0,0.9906542056074766,1.0,0.9907407407407407,0.9907407407407407,0.9944271374177915,0.004550332956757942
232,0.13605289459228515,0.005264753586201616,0.10548839569091797,0.0005838358335936511,entropy,12,31,"{'criterion': 'entropy', 'max_features': 12, 'n_estimators': 31}",0.7142857142857143,0.9629629629629629,0.9259259259259259,0.8461538461538461,0.8461538461538461,0.8582089552238806,0.08671616295323258,21,1.0,1.0,1.0,1.0,1.0,1.0,0.0
233,0.1525822639465332,0.011085896279148773,0.1102217674255371,0.0019075819921789985,entropy,12,41,"{'criterion': 'entropy', 'max_features': 12, 'n_estimators': 41}",0.7142857142857143,0.9629629629629629,0.9259259259259259,0.8461538461538461,0.8461538461538461,0.8582089552238806,0.08671616295323258,21,1.0,1.0,1.0,1.0,1.0,1.0,0.0
234,0.13867793083190919,0.005147023685417951,0.11252007484436036,0.0010037004072492419,entropy,12,51,"{'criterion': 'entropy', 'max_features': 12, 'n_estimators': 51}",0.7142857142857143,0.9629629629629629,0.9259259259259259,0.8461538461538461,0.8076923076923077,0.8507462686567164,0.08905590735041968,50,1.0,1.0,1.0,1.0,1.0,1.0,0.0
235,0.1459336280822754,0.016693381393688846,0.1365039825439453,0.012151874545308822,entropy,12,61,"{'criterion': 'entropy', 'max_features': 12, 'n_estimators': 61}",0.7142857142857143,0.9259259259259259,0.9259259259259259,0.8461538461538461,0.8076923076923077,0.8432835820895522,0.08047846114066219,98,1.0,1.0,1.0,1.0,1.0,1.0,0.0
236,0.19167561531066896,0.02569777120526054,0.12246637344360352,0.012570478765839376,entropy,12,71,"{'criterion': 'entropy', 'max_features': 12, 'n_estimators': 71}",0.7142857142857143,0.9259259259259259,0.9259259259259259,0.8461538461538461,0.8076923076923077,0.8432835820895522,0.08047846114066219,98,1.0,1.0,1.0,1.0,1.0,1.0,0.0
237,0.18913745880126953,0.022233706695394404,0.11119093894958496,0.01070386645168904,entropy,12,81,"{'criterion': 'entropy', 'max_features': 12, 'n_estimators': 81}",0.7142857142857143,0.9259259259259259,0.9259259259259259,0.8461538461538461,0.8076923076923077,0.8432835820895522,0.08047846114066219,98,1.0,1.0,1.0,1.0,1.0,1.0,0.0
238,0.17604985237121581,0.018536470995307027,0.10795512199401855,0.0010816285371332323,entropy,12,91,"{'criterion': 'entropy', 'max_features': 12, 'n_estimators': 91}",0.7142857142857143,0.9259259259259259,0.9259259259259259,0.8461538461538461,0.8076923076923077,0.8432835820895522,0.08047846114066219,98,1.0,1.0,1.0,1.0,1.0,1.0,0.0
239,0.18285937309265138,0.036972254423825915,0.10967302322387695,0.00048244075772729665,entropy,12,101,"{'criterion': 'entropy', 'max_features': 12, 'n_estimators': 101}",0.7142857142857143,0.9259259259259259,0.9259259259259259,0.8461538461538461,0.8076923076923077,0.8432835820895522,0.08047846114066219,98,1.0,1.0,1.0,1.0,1.0,1.0,0.0
