,Name,0,1,2
0,AgAu,0.0,1.0,0.0
1,AgCu,0.9090909090909091,0.09090909090909091,0.0
2,AgFe,0.9090909090909091,0.09090909090909091,0.0
3,AgNi,0.9090909090909091,0.0,0.09090909090909091
4,AgPd,0.0,1.0,0.0
5,AgPt,0.0,1.0,0.0
6,AgSi,1.0,0.0,0.0
7,AgTi,1.0,0.0,0.0
8,AlMn,1.0,0.0,0.0
9,AlCu,1.0,0.0,0.0
10,AlHf,0.9090909090909091,0.0,0.09090909090909091
11,AlSi,1.0,0.0,0.0
12,AlTa,1.0,0.0,0.0
13,AlTi,1.0,0.0,0.0
14,AlW,0.9090909090909091,0.0,0.09090909090909091
15,AlZr,0.9090909090909091,0.0,0.09090909090909091
16,AuCo,0.7272727272727273,0.2727272727272727,0.0
17,AuCu,0.2727272727272727,0.7272727272727273,0.0
18,AuNi,0.18181818181818182,0.8181818181818182,0.0
19,AuPd,0.0,1.0,0.0
20,AuPt,0.0,1.0,0.0
21,AuTi,1.0,0.0,0.0
22,AuV,0.2727272727272727,0.5454545454545454,0.18181818181818182
23,CoCr,0.2727272727272727,0.0,0.7272727272727273
24,CoCu,0.8181818181818182,0.09090909090909091,0.09090909090909091
25,CoIr,0.0,1.0,0.0
26,CoMn,0.09090909090909091,0.9090909090909091,0.0
27,CoMo,1.0,0.0,0.0
28,CoNi,0.0,0.9090909090909091,0.09090909090909091
29,CoPd,0.0,1.0,0.0
30,CoPt,0.09090909090909091,0.9090909090909091,0.0
31,CoRh,0.09090909090909091,0.8181818181818182,0.09090909090909091
32,CoW,1.0,0.0,0.0
33,CrCu,0.8181818181818182,0.09090909090909091,0.09090909090909091
34,CrFe,0.18181818181818182,0.0,0.8181818181818182
35,CrIr,1.0,0.0,0.0
36,CrMn,0.09090909090909091,0.09090909090909091,0.8181818181818182
37,CrMo,0.0,0.0,1.0
38,CrNb,0.8181818181818182,0.09090909090909091,0.09090909090909091
39,CrNi,0.0,1.0,0.0
40,CrPt,0.09090909090909091,0.9090909090909091,0.0
41,CrRh,1.0,0.0,0.0
42,CrTa,0.45454545454545453,0.0,0.5454545454545454
43,CrTi,0.0,0.0,1.0
44,CrV,0.09090909090909091,0.0,0.9090909090909091
45,CrW,0.36363636363636365,0.0,0.6363636363636364
46,CuFe,0.6363636363636364,0.2727272727272727,0.09090909090909091
47,CuIr,0.7272727272727273,0.2727272727272727,0.0
48,CuNi,0.0,0.7272727272727273,0.2727272727272727
49,CuPd,0.0,1.0,0.0
50,CuPt,0.0,1.0,0.0
51,CuRh,0.09090909090909091,0.9090909090909091,0.0
52,CuSi,1.0,0.0,0.0
53,CuV,1.0,0.0,0.0
54,FeMn,0.18181818181818182,0.8181818181818182,0.0
55,FeMo,1.0,0.0,0.0
56,FeNb,1.0,0.0,0.0
57,FeNi,0.0,0.09090909090909091,0.9090909090909091
58,FePd,0.0,1.0,0.0
59,HfNb,0.0,0.0,1.0
60,HfTa,0.0,0.0,1.0
61,HfTi,0.0,0.0,1.0
62,HfV,0.7272727272727273,0.0,0.2727272727272727
63,HfZr,0.18181818181818182,0.09090909090909091,0.7272727272727273
64,IrMo,1.0,0.0,0.0
65,IrNi,0.0,0.9090909090909091,0.09090909090909091
66,IrPd,0.09090909090909091,0.9090909090909091,0.0
67,IrPt,0.09090909090909091,0.9090909090909091,0.0
68,IrRh,0.09090909090909091,0.9090909090909091,0.0
69,IrRu,0.45454545454545453,0.5454545454545454,0.0
70,MnNb,0.8181818181818182,0.0,0.18181818181818182
71,MnNi,0.0,1.0,0.0
72,MnTa,0.9090909090909091,0.0,0.09090909090909091
73,MnV,0.0,0.0,1.0
74,MoNb,0.0,0.0,1.0
75,MoNi,0.9090909090909091,0.09090909090909091,0.0
76,MoPd,0.2727272727272727,0.7272727272727273,0.0
77,MoRh,0.8181818181818182,0.09090909090909091,0.09090909090909091
78,MoRu,1.0,0.0,0.0
79,MoTa,0.0,0.0,1.0
80,MoTi,0.0,0.0,1.0
81,MoV,0.0,0.0,1.0
82,MoW,0.0,0.0,1.0
83,MoZr,1.0,0.0,0.0
84,NbTa,0.0,0.0,1.0
85,NbTi,0.18181818181818182,0.0,0.8181818181818182
86,NbV,0.0,0.0,1.0
87,NbW,0.0,0.0,1.0
88,NbZr,0.0,0.0,1.0
89,NiPd,0.0,0.45454545454545453,0.5454545454545454
90,NiPt,0.09090909090909091,0.9090909090909091,0.0
91,NiRh,0.09090909090909091,0.9090909090909091,0.0
92,NiRu,0.8181818181818182,0.18181818181818182,0.0
93,NiV,1.0,0.0,0.0
94,NiW,0.8181818181818182,0.18181818181818182,0.0
95,PdPt,0.0,1.0,0.0
96,PdRh,0.0,0.9090909090909091,0.09090909090909091
97,PdRu,0.7272727272727273,0.2727272727272727,0.0
98,PdW,0.6363636363636364,0.18181818181818182,0.18181818181818182
99,PtRh,0.0,1.0,0.0
100,PtRu,0.0,0.8181818181818182,0.18181818181818182
101,PtTi,1.0,0.0,0.0
102,PtW,0.8181818181818182,0.18181818181818182,0.0
103,RhRu,0.18181818181818182,0.8181818181818182,0.0
104,RhV,1.0,0.0,0.0
105,RhW,0.9090909090909091,0.09090909090909091,0.0
106,RuW,0.7272727272727273,0.09090909090909091,0.18181818181818182
107,TaTi,0.0,0.0,1.0
108,TaV,0.0,0.0,1.0
109,TaW,0.09090909090909091,0.0,0.9090909090909091
110,TaZr,0.0,0.09090909090909091,0.9090909090909091
111,TiV,0.0,0.0,1.0
112,TiW,0.0,0.0,1.0
113,TiZr,0.0,0.0,1.0
114,VW,0.0,0.0,1.0
115,VZr,0.9090909090909091,0.0,0.09090909090909091
116,WZr,0.9090909090909091,0.0,0.09090909090909091
117,AgAlNi,0.9090909090909091,0.09090909090909091,0.0
118,AgAlAu,0.7272727272727273,0.2727272727272727,0.0
119,AgAlFe,0.9090909090909091,0.09090909090909091,0.0
120,AgAlV,0.9090909090909091,0.09090909090909091,0.0
121,AgAsAu,0.9090909090909091,0.09090909090909091,0.0
122,AgAsCu,0.8181818181818182,0.18181818181818182,0.0
123,AgAsPd,0.8181818181818182,0.18181818181818182,0.0
124,AgAuCo,0.7272727272727273,0.2727272727272727,0.0
125,AgAuCu,0.6363636363636364,0.36363636363636365,0.0
126,AgAuFe,0.6363636363636364,0.36363636363636365,0.0
127,AgAuMo,0.7272727272727273,0.2727272727272727,0.0
128,AgAuNi,0.6363636363636364,0.36363636363636365,0.0
129,AgAuPd,0.0,1.0,0.0
130,AgAuPt,0.0,0.9090909090909091,0.09090909090909091
131,AgAuRh,0.36363636363636365,0.6363636363636364,0.0
132,AgAuSi,0.8181818181818182,0.18181818181818182,0.0
133,AgAuTi,0.7272727272727273,0.2727272727272727,0.0
134,AgAuV,0.6363636363636364,0.36363636363636365,0.0
135,AgCoCu,0.9090909090909091,0.0,0.09090909090909091
136,AgCoPd,0.18181818181818182,0.7272727272727273,0.09090909090909091
137,AgCoPt,0.8181818181818182,0.18181818181818182,0.0
138,AgCoRh,0.8181818181818182,0.18181818181818182,0.0
139,AgCuFe,0.9090909090909091,0.09090909090909091,0.0
140,AgCuIr,0.6363636363636364,0.36363636363636365,0.0
141,AgCuMn,0.9090909090909091,0.09090909090909091,0.0
142,AgCuNi,0.9090909090909091,0.0,0.09090909090909091
143,AgCuPd,0.6363636363636364,0.36363636363636365,0.0
144,AgCuPt,0.6363636363636364,0.36363636363636365,0.0
145,AgCuRh,0.6363636363636364,0.36363636363636365,0.0
146,AgCuSi,0.9090909090909091,0.09090909090909091,0.0
147,AgCuTi,1.0,0.0,0.0
148,AgCuV,0.9090909090909091,0.09090909090909091,0.0
149,AgCuZr,1.0,0.0,0.0
150,AgFeNi,0.9090909090909091,0.09090909090909091,0.0
151,AgFePd,0.8181818181818182,0.18181818181818182,0.0
152,AgHfZr,0.9090909090909091,0.0,0.09090909090909091
153,AgIrNi,0.8181818181818182,0.18181818181818182,0.0
154,AgIrPd,0.0,1.0,0.0
155,AgIrPt,0.36363636363636365,0.6363636363636364,0.0
156,AgIrRh,0.2727272727272727,0.7272727272727273,0.0
157,AgNiPd,0.7272727272727273,0.2727272727272727,0.0
158,AgNiPt,0.7272727272727273,0.2727272727272727,0.0
159,AgNiRh,0.8181818181818182,0.18181818181818182,0.0
160,AgPdPt,0.0,1.0,0.0
161,AgPdRh,0.0,1.0,0.0
162,AgPdV,0.9090909090909091,0.09090909090909091,0.0
163,AgPtRh,0.45454545454545453,0.5454545454545454,0.0
164,AgPtRu,0.45454545454545453,0.5454545454545454,0.0
165,AgPtTi,0.9090909090909091,0.09090909090909091,0.0
166,AgPtV,0.7272727272727273,0.2727272727272727,0.0
167,AgTiV,0.8181818181818182,0.0,0.18181818181818182
168,AgTiZr,0.7272727272727273,0.09090909090909091,0.18181818181818182
169,AlAuCu,0.7272727272727273,0.2727272727272727,0.0
170,AlAuNi,0.7272727272727273,0.2727272727272727,0.0
171,AlAuSi,0.7272727272727273,0.18181818181818182,0.09090909090909091
172,AlCoCr,0.8181818181818182,0.09090909090909091,0.09090909090909091
173,AlCoCu,0.9090909090909091,0.09090909090909091,0.0
174,AlCoNi,0.7272727272727273,0.2727272727272727,0.0
175,AlCrCu,0.9090909090909091,0.09090909090909091,0.0
176,AlCrMn,0.2727272727272727,0.0,0.7272727272727273
177,AlCrV,0.18181818181818182,0.0,0.8181818181818182
178,AlCrW,0.6363636363636364,0.0,0.36363636363636365
179,AlCuFe,0.7272727272727273,0.18181818181818182,0.09090909090909091
180,AlCuMn,0.7272727272727273,0.18181818181818182,0.09090909090909091
181,AlCuNi,0.8181818181818182,0.18181818181818182,0.0
182,AlCuSi,0.9090909090909091,0.09090909090909091,0.0
183,AlFeMn,0.8181818181818182,0.09090909090909091,0.09090909090909091
184,AlHfSi,1.0,0.0,0.0
185,AlHfTa,0.8181818181818182,0.0,0.18181818181818182
186,AlHfTi,0.6363636363636364,0.0,0.36363636363636365
187,AlMnNi,0.8181818181818182,0.18181818181818182,0.0
188,AlMnSi,0.9090909090909091,0.0,0.09090909090909091
189,AlTaZr,0.8181818181818182,0.0,0.18181818181818182
190,AlTiV,0.18181818181818182,0.0,0.8181818181818182
191,AlTiZr,0.36363636363636365,0.0,0.6363636363636364
192,AlVW,0.45454545454545453,0.0,0.5454545454545454
193,AsAuCu,0.6363636363636364,0.36363636363636365,0.0
194,AsAuPd,0.6363636363636364,0.36363636363636365,0.0
195,AsCuPd,0.8181818181818182,0.18181818181818182,0.0
196,AuCoCu,0.6363636363636364,0.36363636363636365,0.0
197,AuCoIr,0.09090909090909091,0.9090909090909091,0.0
198,AuCoMo,0.7272727272727273,0.18181818181818182,0.09090909090909091
199,AuCoNi,0.6363636363636364,0.36363636363636365,0.0
200,AuCoPd,0.18181818181818182,0.8181818181818182,0.0
201,AuCoPt,0.2727272727272727,0.7272727272727273,0.0
202,AuCoRh,0.45454545454545453,0.5454545454545454,0.0
203,AuCoV,0.8181818181818182,0.18181818181818182,0.0
204,AuCuFe,0.6363636363636364,0.36363636363636365,0.0
205,AuCuIr,0.2727272727272727,0.7272727272727273,0.0
206,AuCuNi,0.18181818181818182,0.8181818181818182,0.0
207,AuCuPd,0.18181818181818182,0.8181818181818182,0.0
208,AuCuPt,0.0,1.0,0.0
209,AuCuRh,0.36363636363636365,0.6363636363636364,0.0
210,AuCuSi,0.8181818181818182,0.18181818181818182,0.0
211,AuCuTi,0.9090909090909091,0.09090909090909091,0.0
212,AuCuV,0.7272727272727273,0.2727272727272727,0.0
213,AuCuW,0.6363636363636364,0.36363636363636365,0.0
214,AuFeNi,0.2727272727272727,0.6363636363636364,0.09090909090909091
215,AuFePd,0.09090909090909091,0.9090909090909091,0.0
216,AuHfTi,0.7272727272727273,0.18181818181818182,0.09090909090909091
217,AuIrNi,0.09090909090909091,0.9090909090909091,0.0
218,AuIrPd,0.09090909090909091,0.9090909090909091,0.0
219,AuIrPt,0.0,1.0,0.0
220,AuIrRh,0.09090909090909091,0.9090909090909091,0.0
221,AuMoNi,0.7272727272727273,0.18181818181818182,0.09090909090909091
222,AuMoPd,0.18181818181818182,0.8181818181818182,0.0
223,AuMoRh,0.5454545454545454,0.45454545454545453,0.0
224,AuNiPd,0.18181818181818182,0.7272727272727273,0.09090909090909091
225,AuNiPt,0.09090909090909091,0.9090909090909091,0.0
226,AuNiRh,0.45454545454545453,0.5454545454545454,0.0
227,AuNiV,0.6363636363636364,0.36363636363636365,0.0
228,AuPdPt,0.0,1.0,0.0
229,AuPdRh,0.09090909090909091,0.9090909090909091,0.0
230,AuPdTi,0.5454545454545454,0.45454545454545453,0.0
231,AuPdV,0.6363636363636364,0.36363636363636365,0.0
232,AuPdW,0.7272727272727273,0.2727272727272727,0.0
233,AuPtRh,0.09090909090909091,0.9090909090909091,0.0
234,AuPtRu,0.09090909090909091,0.9090909090909091,0.0
235,AuPtTi,0.8181818181818182,0.18181818181818182,0.0
236,AuRhV,0.5454545454545454,0.45454545454545453,0.0
237,AuRhW,0.7272727272727273,0.2727272727272727,0.0
238,AuTaTi,0.9090909090909091,0.0,0.09090909090909091
239,AuTiV,1.0,0.0,0.0
240,AuTiZr,0.7272727272727273,0.18181818181818182,0.09090909090909091
241,CoCrCu,0.7272727272727273,0.2727272727272727,0.0
242,CoCrIr,0.09090909090909091,0.9090909090909091,0.0
243,CoCrMn,0.8181818181818182,0.09090909090909091,0.09090909090909091
244,CoCrNb,0.9090909090909091,0.0,0.09090909090909091
245,CoCrNi,0.0,0.8181818181818182,0.18181818181818182
246,CoCrPd,0.09090909090909091,0.9090909090909091,0.0
247,CoCrPt,0.09090909090909091,0.9090909090909091,0.0
248,CoCrRh,0.09090909090909091,0.9090909090909091,0.0
249,CoCrW,0.9090909090909091,0.0,0.09090909090909091
250,CoCuIr,0.7272727272727273,0.18181818181818182,0.09090909090909091
251,CoCuMn,0.7272727272727273,0.18181818181818182,0.09090909090909091
252,CoCuNi,0.2727272727272727,0.6363636363636364,0.09090909090909091
253,CoCuPd,0.18181818181818182,0.7272727272727273,0.09090909090909091
254,CoCuPt,0.2727272727272727,0.6363636363636364,0.09090909090909091
255,CoCuRh,0.2727272727272727,0.7272727272727273,0.0
256,CoCuV,1.0,0.0,0.0
257,CoFeMn,0.09090909090909091,0.9090909090909091,0.0
258,CoIrMn,0.09090909090909091,0.7272727272727273,0.18181818181818182
259,CoIrMo,0.36363636363636365,0.6363636363636364,0.0
260,CoIrNi,0.0,0.9090909090909091,0.09090909090909091
261,CoIrPd,0.09090909090909091,0.9090909090909091,0.0
262,CoIrPt,0.09090909090909091,0.9090909090909091,0.0
263,CoIrRh,0.09090909090909091,0.9090909090909091,0.0
264,CoIrV,0.6363636363636364,0.36363636363636365,0.0
265,CoIrW,0.45454545454545453,0.45454545454545453,0.09090909090909091
266,CoMnNi,0.0,0.9090909090909091,0.09090909090909091
267,CoMnRh,0.09090909090909091,0.9090909090909091,0.0
268,CoMoNi,0.9090909090909091,0.09090909090909091,0.0
269,CoMoPt,0.5454545454545454,0.36363636363636365,0.09090909090909091
270,CoMoRh,0.45454545454545453,0.5454545454545454,0.0
271,CoNiPd,0.0,0.9090909090909091,0.09090909090909091
272,CoNiPt,0.09090909090909091,0.9090909090909091,0.0
273,CoNiRh,0.18181818181818182,0.8181818181818182,0.0
274,CoNiV,0.36363636363636365,0.6363636363636364,0.0
275,CoPdPt,0.09090909090909091,0.9090909090909091,0.0
276,CoPdRh,0.09090909090909091,0.9090909090909091,0.0
277,CoPdV,0.5454545454545454,0.45454545454545453,0.0
278,CoPdW,0.7272727272727273,0.2727272727272727,0.0
279,CoPtRh,0.09090909090909091,0.9090909090909091,0.0
280,CoPtV,0.5454545454545454,0.45454545454545453,0.0
281,CoRhV,0.6363636363636364,0.36363636363636365,0.0
282,CoRhW,0.5454545454545454,0.36363636363636365,0.09090909090909091
283,CrCuFe,0.8181818181818182,0.18181818181818182,0.0
284,CrCuMo,0.9090909090909091,0.0,0.09090909090909091
285,CrCuNi,0.8181818181818182,0.09090909090909091,0.09090909090909091
286,CrCuPd,1.0,0.0,0.0
287,CrCuPt,0.8181818181818182,0.18181818181818182,0.0
288,CrCuRh,0.7272727272727273,0.2727272727272727,0.0
289,CrCuV,0.9090909090909091,0.0,0.09090909090909091
290,CrCuW,0.7272727272727273,0.0,0.2727272727272727
291,CrFeIr,0.45454545454545453,0.45454545454545453,0.09090909090909091
292,CrFeMn,0.18181818181818182,0.0,0.8181818181818182
293,CrFeMo,0.9090909090909091,0.0,0.09090909090909091
294,CrFeNb,0.9090909090909091,0.0,0.09090909090909091
295,CrFeNi,0.0,0.9090909090909091,0.09090909090909091
296,CrFeRh,0.45454545454545453,0.45454545454545453,0.09090909090909091
297,CrFeTa,0.8181818181818182,0.0,0.18181818181818182
298,CrFeTi,0.8181818181818182,0.0,0.18181818181818182
299,CrFeV,0.45454545454545453,0.0,0.5454545454545454
300,CrFeW,0.9090909090909091,0.0,0.09090909090909091
301,CrHfNb,0.45454545454545453,0.0,0.5454545454545454
302,CrHfTa,0.5454545454545454,0.0,0.45454545454545453
303,CrHfTi,0.2727272727272727,0.0,0.7272727272727273
304,CrHfW,0.7272727272727273,0.0,0.2727272727272727
305,CrIrMn,0.45454545454545453,0.36363636363636365,0.18181818181818182
306,CrIrNi,0.09090909090909091,0.9090909090909091,0.0
307,CrIrPd,0.18181818181818182,0.8181818181818182,0.0
308,CrIrPt,0.18181818181818182,0.8181818181818182,0.0
309,CrIrRh,0.09090909090909091,0.9090909090909091,0.0
310,CrMnMo,0.6363636363636364,0.0,0.36363636363636365
311,CrMnNb,0.2727272727272727,0.0,0.7272727272727273
312,CrMnNi,0.7272727272727273,0.2727272727272727,0.0
313,CrMnRh,0.8181818181818182,0.09090909090909091,0.09090909090909091
314,CrMnTa,0.45454545454545453,0.0,0.5454545454545454
315,CrMnTi,0.8181818181818182,0.0,0.18181818181818182
316,CrMnV,0.0,0.0,1.0
317,CrMnW,0.8181818181818182,0.09090909090909091,0.09090909090909091
318,CrMoNb,0.18181818181818182,0.0,0.8181818181818182
319,CrMoRe,0.5454545454545454,0.0,0.45454545454545453
320,CrMoTa,0.5454545454545454,0.0,0.45454545454545453
321,CrMoTc,0.5454545454545454,0.0,0.45454545454545453
322,CrMoTi,0.09090909090909091,0.0,0.9090909090909091
323,CrMoV,0.0,0.0,1.0
324,CrMoW,0.2727272727272727,0.0,0.7272727272727273
325,CrMoZr,0.7272727272727273,0.0,0.2727272727272727
326,CrNbTa,0.45454545454545453,0.0,0.5454545454545454
327,CrNbTi,0.36363636363636365,0.0,0.6363636363636364
328,CrNbV,0.18181818181818182,0.0,0.8181818181818182
329,CrNbW,0.45454545454545453,0.0,0.5454545454545454
330,CrNbZr,0.6363636363636364,0.0,0.36363636363636365
331,CrNiPd,0.09090909090909091,0.8181818181818182,0.09090909090909091
332,CrNiPt,0.18181818181818182,0.8181818181818182,0.0
333,CrNiRh,0.18181818181818182,0.8181818181818182,0.0
334,CrPdPt,0.18181818181818182,0.8181818181818182,0.0
335,CrPdRh,0.09090909090909091,0.9090909090909091,0.0
336,CrPtRh,0.18181818181818182,0.8181818181818182,0.0
337,CrReTa,0.6363636363636364,0.0,0.36363636363636365
338,CrReW,0.45454545454545453,0.0,0.5454545454545454
339,CrTaTi,0.45454545454545453,0.0,0.5454545454545454
340,CrTaV,0.6363636363636364,0.0,0.36363636363636365
341,CrTaW,0.6363636363636364,0.0,0.36363636363636365
342,CrTaZr,0.7272727272727273,0.0,0.2727272727272727
343,CrTcW,0.45454545454545453,0.0,0.5454545454545454
344,CrTiV,0.0,0.0,1.0
345,CrTiW,0.7272727272727273,0.0,0.2727272727272727
346,CrTiZr,0.6363636363636364,0.0,0.36363636363636365
347,CrVW,0.5454545454545454,0.0,0.45454545454545453
348,CrWZr,0.8181818181818182,0.0,0.18181818181818182
349,CuFeMn,0.8181818181818182,0.18181818181818182,0.0
350,CuFeNi,0.2727272727272727,0.45454545454545453,0.2727272727272727
351,CuFePd,0.7272727272727273,0.2727272727272727,0.0
352,CuFeRh,0.7272727272727273,0.2727272727272727,0.0
353,CuFeV,0.8181818181818182,0.09090909090909091,0.09090909090909091
354,CuHfTi,0.9090909090909091,0.0,0.09090909090909091
355,CuHfZr,1.0,0.0,0.0
356,CuIrMn,0.8181818181818182,0.18181818181818182,0.0
357,CuIrNi,0.09090909090909091,0.8181818181818182,0.09090909090909091
358,CuIrPd,0.09090909090909091,0.9090909090909091,0.0
359,CuIrPt,0.09090909090909091,0.9090909090909091,0.0
360,CuIrRh,0.09090909090909091,0.9090909090909091,0.0
361,CuMnNi,0.36363636363636365,0.6363636363636364,0.0
362,CuNiPd,0.0,0.6363636363636364,0.36363636363636365
363,CuNiPt,0.0,1.0,0.0
364,CuNiRh,0.09090909090909091,0.9090909090909091,0.0
365,CuNiSi,0.9090909090909091,0.09090909090909091,0.0
366,CuNiV,1.0,0.0,0.0
367,CuPdPt,0.0,1.0,0.0
368,CuPdRh,0.09090909090909091,0.9090909090909091,0.0
369,CuPdTi,0.7272727272727273,0.2727272727272727,0.0
370,CuPdV,1.0,0.0,0.0
371,CuPtRh,0.0,1.0,0.0
372,CuPtRu,0.0,1.0,0.0
373,CuPtTi,1.0,0.0,0.0
374,CuPtV,0.8181818181818182,0.18181818181818182,0.0
375,CuRhV,0.7272727272727273,0.18181818181818182,0.09090909090909091
376,CuTaTi,0.6363636363636364,0.09090909090909091,0.2727272727272727
377,CuTaV,0.5454545454545454,0.0,0.45454545454545453
378,CuTiV,0.8181818181818182,0.0,0.18181818181818182
379,CuTiZr,0.9090909090909091,0.0,0.09090909090909091
380,CuVW,0.6363636363636364,0.0,0.36363636363636365
381,FeIrMn,0.0,0.8181818181818182,0.18181818181818182
382,FeIrMo,0.7272727272727273,0.2727272727272727,0.0
383,FeIrNi,0.0,0.9090909090909091,0.09090909090909091
384,FeIrRh,0.09090909090909091,0.8181818181818182,0.09090909090909091
385,FeIrRu,0.0,1.0,0.0
386,FeMnMo,0.9090909090909091,0.0,0.09090909090909091
387,FeMnNb,0.9090909090909091,0.0,0.09090909090909091
388,FeMnNi,0.0,1.0,0.0
389,FeMnRh,0.09090909090909091,0.7272727272727273,0.18181818181818182
390,FeMnTa,0.9090909090909091,0.0,0.09090909090909091
391,FeMnTi,0.9090909090909091,0.0,0.09090909090909091
392,FeMnV,0.45454545454545453,0.0,0.5454545454545454
393,FeMoNb,0.8181818181818182,0.0,0.18181818181818182
394,FeMoNi,0.9090909090909091,0.09090909090909091,0.0
395,FeMoPd,0.45454545454545453,0.5454545454545454,0.0
396,FeMoRh,0.8181818181818182,0.09090909090909091,0.09090909090909091
397,FeMoTa,0.8181818181818182,0.0,0.18181818181818182
398,FeMoTi,0.7272727272727273,0.0,0.2727272727272727
399,FeMoV,0.45454545454545453,0.0,0.5454545454545454
400,FeMoW,1.0,0.0,0.0
401,FeNbTa,0.6363636363636364,0.0,0.36363636363636365
402,FeNbTi,0.8181818181818182,0.0,0.18181818181818182
403,FeNbV,0.8181818181818182,0.0,0.18181818181818182
404,FeNiRh,0.18181818181818182,0.7272727272727273,0.09090909090909091
405,FeTaTi,0.8181818181818182,0.0,0.18181818181818182
406,FeTaV,0.6363636363636364,0.0,0.36363636363636365
407,FeTaW,0.8181818181818182,0.0,0.18181818181818182
408,FeTiV,0.7272727272727273,0.09090909090909091,0.18181818181818182
409,FeVW,0.5454545454545454,0.0,0.45454545454545453
410,HfMoNb,0.2727272727272727,0.0,0.7272727272727273
411,HfMoRe,0.7272727272727273,0.0,0.2727272727272727
412,HfMoTa,0.5454545454545454,0.0,0.45454545454545453
413,HfMoTi,0.09090909090909091,0.0,0.9090909090909091
414,HfMoV,0.2727272727272727,0.0,0.7272727272727273
415,HfMoW,0.9090909090909091,0.0,0.09090909090909091
416,HfMoZr,0.45454545454545453,0.0,0.5454545454545454
417,HfNbTa,0.0,0.0,1.0
418,HfNbTi,0.0,0.0,1.0
419,HfNbV,0.18181818181818182,0.0,0.8181818181818182
420,HfNbW,0.36363636363636365,0.0,0.6363636363636364
421,HfNbZr,0.0,0.0,1.0
422,HfReTa,0.45454545454545453,0.0,0.5454545454545454
423,HfTaTc,0.8181818181818182,0.0,0.18181818181818182
424,HfTaTi,0.0,0.0,1.0
425,HfTaV,0.18181818181818182,0.0,0.8181818181818182
426,HfTaW,0.2727272727272727,0.0,0.7272727272727273
427,HfTaZr,0.18181818181818182,0.09090909090909091,0.7272727272727273
428,HfTiV,0.0,0.0,1.0
429,HfTiW,0.7272727272727273,0.0,0.2727272727272727
430,HfTiZr,0.0,0.0,1.0
431,HfVW,0.45454545454545453,0.0,0.5454545454545454
432,HfVZr,0.2727272727272727,0.0,0.7272727272727273
433,HfWZr,0.8181818181818182,0.0,0.18181818181818182
434,IrMnNi,0.09090909090909091,0.8181818181818182,0.09090909090909091
435,IrMnRh,0.09090909090909091,0.9090909090909091,0.0
436,IrMoNi,0.5454545454545454,0.45454545454545453,0.0
437,IrMoPd,0.18181818181818182,0.7272727272727273,0.09090909090909091
438,IrMoPt,0.18181818181818182,0.7272727272727273,0.09090909090909091
439,IrNbPd,0.8181818181818182,0.09090909090909091,0.09090909090909091
440,IrNiPd,0.18181818181818182,0.8181818181818182,0.0
441,IrNiPt,0.0,0.9090909090909091,0.09090909090909091
442,IrNiRh,0.09090909090909091,0.9090909090909091,0.0
443,IrNiRu,0.2727272727272727,0.7272727272727273,0.0
444,IrNiW,0.6363636363636364,0.2727272727272727,0.09090909090909091
445,IrOsPt,0.09090909090909091,0.9090909090909091,0.0
446,IrPdPt,0.09090909090909091,0.9090909090909091,0.0
447,IrPdRh,0.0,1.0,0.0
448,IrPdRu,0.2727272727272727,0.7272727272727273,0.0
449,IrPdV,0.09090909090909091,0.9090909090909091,0.0
450,IrPdW,0.6363636363636364,0.36363636363636365,0.0
451,IrPtRe,0.0,1.0,0.0
452,IrPtRh,0.09090909090909091,0.9090909090909091,0.0
453,IrPtRu,0.0,0.9090909090909091,0.09090909090909091
454,IrPtTc,0.0,0.9090909090909091,0.09090909090909091
455,IrRhV,0.45454545454545453,0.5454545454545454,0.0
456,MnMoNb,0.2727272727272727,0.0,0.7272727272727273
457,MnMoTa,0.6363636363636364,0.0,0.36363636363636365
458,MnMoTi,0.6363636363636364,0.0,0.36363636363636365
459,MnMoV,0.0,0.0,1.0
460,MnMoW,0.7272727272727273,0.09090909090909091,0.18181818181818182
461,MnNbTa,0.6363636363636364,0.0,0.36363636363636365
462,MnNbTi,0.36363636363636365,0.0,0.6363636363636364
463,MnNbV,0.18181818181818182,0.0,0.8181818181818182
464,MnNbW,0.7272727272727273,0.0,0.2727272727272727
465,MnTaTi,0.36363636363636365,0.0,0.6363636363636364
466,MnTaV,0.18181818181818182,0.0,0.8181818181818182
467,MnTaW,0.6363636363636364,0.0,0.36363636363636365
468,MnTiV,0.18181818181818182,0.0,0.8181818181818182
469,MnTiW,0.8181818181818182,0.0,0.18181818181818182
470,MnVW,0.36363636363636365,0.0,0.6363636363636364
471,MoNbRe,0.18181818181818182,0.0,0.8181818181818182
472,MoNbTa,0.0,0.0,1.0
473,MoNbTc,0.18181818181818182,0.0,0.8181818181818182
474,MoNbTi,0.0,0.0,1.0
475,MoNbV,0.0,0.0,1.0
476,MoNbW,0.0,0.0,1.0
477,MoNbZr,0.36363636363636365,0.0,0.6363636363636364
478,MoNiPd,0.5454545454545454,0.45454545454545453,0.0
479,MoNiPt,0.5454545454545454,0.45454545454545453,0.0
480,MoNiRh,0.5454545454545454,0.45454545454545453,0.0
481,MoPdPt,0.09090909090909091,0.8181818181818182,0.09090909090909091
482,MoPdRh,0.18181818181818182,0.7272727272727273,0.09090909090909091
483,MoReTa,0.18181818181818182,0.0,0.8181818181818182
484,MoReTi,0.18181818181818182,0.0,0.8181818181818182
485,MoReV,0.18181818181818182,0.09090909090909091,0.7272727272727273
486,MoReW,0.36363636363636365,0.0,0.6363636363636364
487,MoTaTc,0.45454545454545453,0.0,0.5454545454545454
488,MoTaTi,0.0,0.0,1.0
489,MoTaV,0.45454545454545453,0.0,0.5454545454545454
490,MoTaW,0.0,0.0,1.0
491,MoTaZr,0.45454545454545453,0.0,0.5454545454545454
492,MoTcTi,0.2727272727272727,0.0,0.7272727272727273
493,MoTcV,0.18181818181818182,0.09090909090909091,0.7272727272727273
494,MoTcW,0.36363636363636365,0.0,0.6363636363636364
495,MoTiV,0.0,0.0,1.0
496,MoTiW,0.0,0.0,1.0
497,MoTiZr,0.09090909090909091,0.0,0.9090909090909091
498,MoVW,0.0,0.0,1.0
499,MoVZr,0.09090909090909091,0.0,0.9090909090909091
500,MoWZr,0.5454545454545454,0.0,0.45454545454545453
501,NbPdRh,0.7272727272727273,0.2727272727272727,0.0
502,NbReTa,0.0,0.0,1.0
503,NbReTi,0.09090909090909091,0.0,0.9090909090909091
504,NbReV,0.0,0.0,1.0
505,NbReW,0.18181818181818182,0.0,0.8181818181818182
506,NbReZr,0.36363636363636365,0.0,0.6363636363636364
507,NbTaTc,0.18181818181818182,0.0,0.8181818181818182
508,NbTaTi,0.0,0.0,1.0
509,NbTaV,0.0,0.0,1.0
510,NbTaW,0.09090909090909091,0.0,0.9090909090909091
511,NbTaZr,0.0,0.0,1.0
512,NbTcV,0.0,0.0,1.0
513,NbTcW,0.0,0.0,1.0
514,NbTiV,0.0,0.0,1.0
515,NbTiW,0.0,0.0,1.0
516,NbTiZr,0.0,0.0,1.0
517,NbVW,0.0,0.0,1.0
518,NbVZr,0.09090909090909091,0.0,0.9090909090909091
519,NbWZr,0.36363636363636365,0.0,0.6363636363636364
520,NiPdPt,0.0,0.9090909090909091,0.09090909090909091
521,NiPdRh,0.09090909090909091,0.9090909090909091,0.0
522,NiPdV,0.5454545454545454,0.45454545454545453,0.0
523,NiPtRh,0.09090909090909091,0.9090909090909091,0.0
524,NiPtRu,0.2727272727272727,0.7272727272727273,0.0
525,NiPtV,0.45454545454545453,0.5454545454545454,0.0
526,NiRhV,0.45454545454545453,0.5454545454545454,0.0
527,NiRhW,0.7272727272727273,0.2727272727272727,0.0
528,PdPtRh,0.0,1.0,0.0
529,PdPtRu,0.09090909090909091,0.8181818181818182,0.09090909090909091
530,PdPtTi,0.7272727272727273,0.2727272727272727,0.0
531,PdRhV,0.09090909090909091,0.9090909090909091,0.0
532,PdRhW,0.6363636363636364,0.36363636363636365,0.0
533,PdRuW,0.36363636363636365,0.2727272727272727,0.36363636363636365
534,PdTiV,0.7272727272727273,0.09090909090909091,0.18181818181818182
535,PtRhRu,0.0,0.8181818181818182,0.18181818181818182
536,PtRhV,0.18181818181818182,0.8181818181818182,0.0
537,PtRhW,0.6363636363636364,0.36363636363636365,0.0
538,ReTaTi,0.09090909090909091,0.0,0.9090909090909091
539,ReTaV,0.0,0.0,1.0
540,ReTaW,0.09090909090909091,0.0,0.9090909090909091
541,ReTaZr,0.5454545454545454,0.0,0.45454545454545453
542,ReTiW,0.09090909090909091,0.0,0.9090909090909091
543,ReVW,0.0,0.0,1.0
544,TaTcTi,0.2727272727272727,0.0,0.7272727272727273
545,TaTcV,0.18181818181818182,0.0,0.8181818181818182
546,TaTcW,0.36363636363636365,0.0,0.6363636363636364
547,TaTiV,0.0,0.0,1.0
548,TaTiW,0.09090909090909091,0.0,0.9090909090909091
549,TaTiZr,0.0,0.0,1.0
550,TaVW,0.0,0.0,1.0
551,TaVZr,0.36363636363636365,0.0,0.6363636363636364
552,TaWZr,0.2727272727272727,0.0,0.7272727272727273
553,TcTiW,0.18181818181818182,0.0,0.8181818181818182
554,TcVW,0.0,0.0,1.0
555,TiVZr,0.5454545454545454,0.09090909090909091,0.36363636363636365
556,TiWZr,0.36363636363636365,0.0,0.6363636363636364
557,VWZr,0.45454545454545453,0.0,0.5454545454545454
558,AgAlAuCo,0.9090909090909091,0.09090909090909091,0.0
559,AgAlAuCu,0.9090909090909091,0.09090909090909091,0.0
560,AgAlAuFe,0.9090909090909091,0.09090909090909091,0.0
561,AgAlAuNi,0.9090909090909091,0.09090909090909091,0.0
562,AgAlAuSi,0.9090909090909091,0.0,0.09090909090909091
563,AgAlAuZr,1.0,0.0,0.0
564,AgAlCoCu,0.9090909090909091,0.09090909090909091,0.0
565,AgAlCoNi,0.9090909090909091,0.09090909090909091,0.0
566,AgAlCuFe,0.9090909090909091,0.09090909090909091,0.0
567,AgAlCuMn,0.9090909090909091,0.09090909090909091,0.0
568,AgAlCuNi,0.9090909090909091,0.09090909090909091,0.0
569,AgAlCuSi,1.0,0.0,0.0
570,AgAlCuZr,1.0,0.0,0.0
571,AgAlFeNi,0.9090909090909091,0.09090909090909091,0.0
572,AgAlNiSi,1.0,0.0,0.0
573,AgAuCoCr,0.8181818181818182,0.18181818181818182,0.0
574,AgAuCoCu,0.6363636363636364,0.36363636363636365,0.0
575,AgAuCoIr,0.6363636363636364,0.36363636363636365,0.0
576,AgAuCoMo,0.8181818181818182,0.18181818181818182,0.0
577,AgAuCoNi,0.7272727272727273,0.2727272727272727,0.0
578,AgAuCoPd,0.2727272727272727,0.7272727272727273,0.0
579,AgAuCoPt,0.6363636363636364,0.36363636363636365,0.0
580,AgAuCoRe,0.7272727272727273,0.2727272727272727,0.0
581,AgAuCoRh,0.6363636363636364,0.36363636363636365,0.0
582,AgAuCoRu,0.7272727272727273,0.2727272727272727,0.0
583,AgAuCrCu,0.6363636363636364,0.36363636363636365,0.0
584,AgAuCrNi,0.7272727272727273,0.2727272727272727,0.0
585,AgAuCuFe,0.6363636363636364,0.36363636363636365,0.0
586,AgAuCuIr,0.45454545454545453,0.5454545454545454,0.0
587,AgAuCuNi,0.6363636363636364,0.36363636363636365,0.0
588,AgAuCuPd,0.18181818181818182,0.6363636363636364,0.18181818181818182
589,AgAuCuPt,0.18181818181818182,0.7272727272727273,0.09090909090909091
590,AgAuCuRh,0.6363636363636364,0.36363636363636365,0.0
591,AgAuCuRu,0.45454545454545453,0.5454545454545454,0.0
592,AgAuCuSi,0.8181818181818182,0.18181818181818182,0.0
593,AgAuCuZr,1.0,0.0,0.0
594,AgAuFeMo,0.7272727272727273,0.18181818181818182,0.09090909090909091
595,AgAuFeNi,0.7272727272727273,0.2727272727272727,0.0
596,AgAuFePd,0.6363636363636364,0.36363636363636365,0.0
597,AgAuFeRh,0.5454545454545454,0.45454545454545453,0.0
598,AgAuIrMo,0.7272727272727273,0.2727272727272727,0.0
599,AgAuIrNi,0.6363636363636364,0.36363636363636365,0.0
600,AgAuIrPd,0.18181818181818182,0.8181818181818182,0.0
601,AgAuIrPt,0.45454545454545453,0.5454545454545454,0.0
602,AgAuIrRh,0.2727272727272727,0.7272727272727273,0.0
603,AgAuIrRu,0.45454545454545453,0.5454545454545454,0.0
604,AgAuMoNi,0.8181818181818182,0.18181818181818182,0.0
605,AgAuMoPd,0.36363636363636365,0.6363636363636364,0.0
606,AgAuMoRh,0.6363636363636364,0.36363636363636365,0.0
607,AgAuNbRh,0.8181818181818182,0.18181818181818182,0.0
608,AgAuNiPd,0.6363636363636364,0.36363636363636365,0.0
609,AgAuNiPt,0.6363636363636364,0.36363636363636365,0.0
610,AgAuNiRe,0.7272727272727273,0.2727272727272727,0.0
611,AgAuNiRh,0.7272727272727273,0.2727272727272727,0.0
612,AgAuNiRu,0.7272727272727273,0.2727272727272727,0.0
613,AgAuNiSi,0.8181818181818182,0.18181818181818182,0.0
614,AgAuPdPt,0.0,1.0,0.0
615,AgAuPdRe,0.45454545454545453,0.5454545454545454,0.0
616,AgAuPdRh,0.09090909090909091,0.9090909090909091,0.0
617,AgAuPdRu,0.2727272727272727,0.6363636363636364,0.09090909090909091
618,AgAuPtRh,0.36363636363636365,0.6363636363636364,0.0
619,AgAuPtRu,0.2727272727272727,0.7272727272727273,0.0
620,AgAuRhRu,0.2727272727272727,0.7272727272727273,0.0
621,AgCoCrCu,1.0,0.0,0.0
622,AgCoCrNi,0.9090909090909091,0.0,0.09090909090909091
623,AgCoCrOs,0.9090909090909091,0.09090909090909091,0.0
624,AgCoCrPd,0.9090909090909091,0.09090909090909091,0.0
625,AgCoCrPt,0.9090909090909091,0.09090909090909091,0.0
626,AgCoCrRh,0.8181818181818182,0.18181818181818182,0.0
627,AgCoCrRu,0.9090909090909091,0.09090909090909091,0.0
628,AgCoCuFe,0.9090909090909091,0.0,0.09090909090909091
629,AgCoCuPd,0.8181818181818182,0.18181818181818182,0.0
630,AgCoCuPt,0.9090909090909091,0.09090909090909091,0.0
631,AgCoIrMo,0.7272727272727273,0.2727272727272727,0.0
632,AgCoIrPd,0.36363636363636365,0.6363636363636364,0.0
633,AgCoIrPt,0.7272727272727273,0.2727272727272727,0.0
634,AgCoMoNi,0.9090909090909091,0.09090909090909091,0.0
635,AgCoMoOs,0.7272727272727273,0.2727272727272727,0.0
636,AgCoMoPd,0.8181818181818182,0.18181818181818182,0.0
637,AgCoMoPt,0.8181818181818182,0.18181818181818182,0.0
638,AgCoMoRe,0.8181818181818182,0.18181818181818182,0.0
639,AgCoMoRh,0.7272727272727273,0.2727272727272727,0.0
640,AgCoMoRu,0.7272727272727273,0.2727272727272727,0.0
641,AgCoNiPd,0.45454545454545453,0.45454545454545453,0.09090909090909091
642,AgCoNiPt,0.9090909090909091,0.09090909090909091,0.0
643,AgCoOsPd,0.8181818181818182,0.18181818181818182,0.0
644,AgCoOsPt,0.7272727272727273,0.2727272727272727,0.0
645,AgCoPdPt,0.2727272727272727,0.7272727272727273,0.0
646,AgCoPdRe,0.9090909090909091,0.09090909090909091,0.0
647,AgCoPdRh,0.2727272727272727,0.7272727272727273,0.0
648,AgCoPdRu,0.7272727272727273,0.2727272727272727,0.0
649,AgCoPtRe,0.9090909090909091,0.09090909090909091,0.0
650,AgCoPtRh,0.7272727272727273,0.2727272727272727,0.0
651,AgCoPtRu,0.8181818181818182,0.18181818181818182,0.0
652,AgCrCuFe,0.8181818181818182,0.09090909090909091,0.09090909090909091
653,AgCrCuNi,1.0,0.0,0.0
654,AgCrCuPd,0.9090909090909091,0.09090909090909091,0.0
655,AgCrCuPt,0.7272727272727273,0.2727272727272727,0.0
656,AgCrCuRh,0.8181818181818182,0.18181818181818182,0.0
657,AgCrCuRu,0.9090909090909091,0.09090909090909091,0.0
658,AgCrFeNi,0.9090909090909091,0.09090909090909091,0.0
659,AgCrIrNi,1.0,0.0,0.0
660,AgCrIrPd,0.18181818181818182,0.8181818181818182,0.0
661,AgCrIrRh,0.6363636363636364,0.36363636363636365,0.0
662,AgCrIrRu,0.8181818181818182,0.18181818181818182,0.0
663,AgCrNiOs,0.9090909090909091,0.09090909090909091,0.0
664,AgCrNiPd,1.0,0.0,0.0
665,AgCrNiPt,0.9090909090909091,0.09090909090909091,0.0
666,AgCrNiRh,0.8181818181818182,0.18181818181818182,0.0
667,AgCrNiRu,0.9090909090909091,0.09090909090909091,0.0
668,AgCrOsPt,0.6363636363636364,0.36363636363636365,0.0
669,AgCrPdPt,0.18181818181818182,0.8181818181818182,0.0
670,AgCrPdRh,0.2727272727272727,0.6363636363636364,0.09090909090909091
671,AgCrPdRu,0.9090909090909091,0.09090909090909091,0.0
672,AgCrPtRh,0.7272727272727273,0.2727272727272727,0.0
673,AgCrPtRu,0.6363636363636364,0.36363636363636365,0.0
674,AgCrRhRu,0.7272727272727273,0.2727272727272727,0.0
675,AgCuFeIr,0.8181818181818182,0.18181818181818182,0.0
676,AgCuFeNi,0.9090909090909091,0.0,0.09090909090909091
677,AgCuFeOs,0.8181818181818182,0.18181818181818182,0.0
678,AgCuFePd,0.8181818181818182,0.18181818181818182,0.0
679,AgCuFeRe,1.0,0.0,0.0
680,AgCuFeRh,0.8181818181818182,0.18181818181818182,0.0
681,AgCuFeRu,0.8181818181818182,0.18181818181818182,0.0
682,AgCuIrPd,0.7272727272727273,0.2727272727272727,0.0
683,AgCuIrPt,0.5454545454545454,0.45454545454545453,0.0
684,AgCuNbPd,0.9090909090909091,0.0,0.09090909090909091
685,AgCuNiPd,0.7272727272727273,0.2727272727272727,0.0
686,AgCuNiPt,0.5454545454545454,0.36363636363636365,0.09090909090909091
687,AgCuNiSi,0.9090909090909091,0.09090909090909091,0.0
688,AgCuPdPt,0.09090909090909091,0.9090909090909091,0.0
689,AgCuPdRe,0.9090909090909091,0.09090909090909091,0.0
690,AgCuPdRh,0.5454545454545454,0.45454545454545453,0.0
691,AgCuPdRu,0.7272727272727273,0.2727272727272727,0.0
692,AgCuPtRe,0.8181818181818182,0.18181818181818182,0.0
693,AgCuPtRh,0.2727272727272727,0.7272727272727273,0.0
694,AgCuPtRu,0.6363636363636364,0.36363636363636365,0.0
695,AgFeIrNi,0.7272727272727273,0.2727272727272727,0.0
696,AgFeIrRu,0.7272727272727273,0.2727272727272727,0.0
697,AgFeMoNi,0.9090909090909091,0.09090909090909091,0.0
698,AgFeMoOs,0.7272727272727273,0.2727272727272727,0.0
699,AgFeMoPd,0.8181818181818182,0.18181818181818182,0.0
700,AgFeMoRe,0.8181818181818182,0.18181818181818182,0.0
701,AgFeMoRh,0.7272727272727273,0.2727272727272727,0.0
702,AgFeMoRu,0.7272727272727273,0.2727272727272727,0.0
703,AgFeNiOs,0.9090909090909091,0.09090909090909091,0.0
704,AgFeNiPd,0.9090909090909091,0.09090909090909091,0.0
705,AgFeNiRe,1.0,0.0,0.0
706,AgFeNiRh,0.7272727272727273,0.2727272727272727,0.0
707,AgFeNiRu,0.9090909090909091,0.09090909090909091,0.0
708,AgFeOsPd,0.7272727272727273,0.2727272727272727,0.0
709,AgFeOsRe,0.9090909090909091,0.09090909090909091,0.0
710,AgFeOsRh,0.7272727272727273,0.2727272727272727,0.0
711,AgFeOsRu,0.6363636363636364,0.36363636363636365,0.0
712,AgFePdRe,0.9090909090909091,0.09090909090909091,0.0
713,AgFePdRh,0.7272727272727273,0.2727272727272727,0.0
714,AgFePdRu,0.7272727272727273,0.2727272727272727,0.0
715,AgFeReRu,0.8181818181818182,0.18181818181818182,0.0
716,AgFeRhRu,0.7272727272727273,0.2727272727272727,0.0
717,AgIrMoNi,0.8181818181818182,0.18181818181818182,0.0
718,AgIrMoPd,0.6363636363636364,0.36363636363636365,0.0
719,AgIrMoRh,0.45454545454545453,0.5454545454545454,0.0
720,AgIrNbPt,0.8181818181818182,0.18181818181818182,0.0
721,AgIrNiPd,0.45454545454545453,0.5454545454545454,0.0
722,AgIrNiPt,0.7272727272727273,0.2727272727272727,0.0
723,AgIrOsPd,0.36363636363636365,0.6363636363636364,0.0
724,AgIrOsPt,0.45454545454545453,0.5454545454545454,0.0
725,AgIrPdPt,0.09090909090909091,0.9090909090909091,0.0
726,AgIrPdRe,0.7272727272727273,0.2727272727272727,0.0
727,AgIrPdRh,0.0,1.0,0.0
728,AgIrPdRu,0.6363636363636364,0.36363636363636365,0.0
729,AgIrPtRe,0.6363636363636364,0.36363636363636365,0.0
730,AgIrPtRh,0.2727272727272727,0.7272727272727273,0.0
731,AgIrPtRu,0.36363636363636365,0.6363636363636364,0.0
732,AgMoNiOs,0.7272727272727273,0.2727272727272727,0.0
733,AgMoNiPd,0.8181818181818182,0.18181818181818182,0.0
734,AgMoNiPt,0.8181818181818182,0.18181818181818182,0.0
735,AgMoNiRe,0.9090909090909091,0.09090909090909091,0.0
736,AgMoNiRh,0.8181818181818182,0.18181818181818182,0.0
737,AgMoNiRu,0.7272727272727273,0.2727272727272727,0.0
738,AgMoOsPd,0.6363636363636364,0.36363636363636365,0.0
739,AgMoOsRe,0.7272727272727273,0.2727272727272727,0.0
740,AgMoOsRh,0.45454545454545453,0.5454545454545454,0.0
741,AgMoPdPt,0.6363636363636364,0.36363636363636365,0.0
742,AgMoPdRe,0.7272727272727273,0.2727272727272727,0.0
743,AgMoPdRh,0.5454545454545454,0.45454545454545453,0.0
744,AgMoPdRu,0.6363636363636364,0.36363636363636365,0.0
745,AgMoPtRe,0.8181818181818182,0.18181818181818182,0.0
746,AgMoPtRh,0.6363636363636364,0.36363636363636365,0.0
747,AgMoPtRu,0.5454545454545454,0.45454545454545453,0.0
748,AgMoReRh,0.6363636363636364,0.36363636363636365,0.0
749,AgMoRhRu,0.45454545454545453,0.5454545454545454,0.0
750,AgNbPdPt,0.9090909090909091,0.09090909090909091,0.0
751,AgNbPdRh,0.7272727272727273,0.18181818181818182,0.09090909090909091
752,AgNbPtRh,0.6363636363636364,0.2727272727272727,0.09090909090909091
753,AgNiOsPd,0.8181818181818182,0.18181818181818182,0.0
754,AgNiOsPt,0.8181818181818182,0.18181818181818182,0.0
755,AgNiPdPt,0.2727272727272727,0.7272727272727273,0.0
756,AgNiPdRe,0.9090909090909091,0.09090909090909091,0.0
757,AgNiPdRh,0.45454545454545453,0.5454545454545454,0.0
758,AgNiPdRu,0.8181818181818182,0.18181818181818182,0.0
759,AgNiPtRe,0.8181818181818182,0.18181818181818182,0.0
760,AgNiPtRh,0.7272727272727273,0.2727272727272727,0.0
761,AgNiPtRu,0.8181818181818182,0.18181818181818182,0.0
762,AgOsPdPt,0.45454545454545453,0.5454545454545454,0.0
763,AgOsPdRe,0.7272727272727273,0.2727272727272727,0.0
764,AgOsPdRh,0.2727272727272727,0.7272727272727273,0.0
765,AgOsPdRu,0.6363636363636364,0.36363636363636365,0.0
766,AgOsPtRe,0.6363636363636364,0.36363636363636365,0.0
767,AgOsPtRh,0.45454545454545453,0.5454545454545454,0.0
768,AgOsPtRu,0.45454545454545453,0.5454545454545454,0.0
769,AgPdPtRe,0.6363636363636364,0.36363636363636365,0.0
770,AgPdPtRh,0.09090909090909091,0.9090909090909091,0.0
771,AgPdPtRu,0.09090909090909091,0.9090909090909091,0.0
772,AgPdReRh,0.6363636363636364,0.36363636363636365,0.0
773,AgPdReRu,0.7272727272727273,0.2727272727272727,0.0
774,AgPdRhRu,0.5454545454545454,0.45454545454545453,0.0
775,AgPtReRh,0.6363636363636364,0.36363636363636365,0.0
776,AgPtReRu,0.6363636363636364,0.36363636363636365,0.0
777,AgPtRhRu,0.5454545454545454,0.45454545454545453,0.0
778,AlNbTiV,0.09090909090909091,0.0,0.9090909090909091
779,AlNbVW,0.18181818181818182,0.0,0.8181818181818182
780,AlCoCrCu,0.9090909090909091,0.09090909090909091,0.0
781,AlCrCuFe,0.7272727272727273,0.18181818181818182,0.09090909090909091
782,AlCrFeMn,0.2727272727272727,0.0,0.7272727272727273
783,AlCrFeMo,0.45454545454545453,0.0,0.5454545454545454
784,AlCrFeNi,0.7272727272727273,0.18181818181818182,0.09090909090909091
785,AlCrFeRe,0.8181818181818182,0.0,0.18181818181818182
786,AlCrFeTi,0.36363636363636365,0.0,0.6363636363636364
787,AlCrFeV,0.36363636363636365,0.0,0.6363636363636364
788,AlCrFeW,0.5454545454545454,0.0,0.45454545454545453
789,AlCrHfTi,0.2727272727272727,0.0,0.7272727272727273
790,AlCrHfW,0.6363636363636364,0.0,0.36363636363636365
791,AlCrMnMo,0.36363636363636365,0.0,0.6363636363636364
792,AlCrMnRe,0.8181818181818182,0.0,0.18181818181818182
793,AlCrMnTi,0.45454545454545453,0.0,0.5454545454545454
794,AlCrMnV,0.36363636363636365,0.0,0.6363636363636364
795,AlCrMnW,0.5454545454545454,0.0,0.45454545454545453
796,AlCrMoRe,0.36363636363636365,0.0,0.6363636363636364
797,AlCrMoTi,0.09090909090909091,0.0,0.9090909090909091
798,AlCrMoV,0.18181818181818182,0.0,0.8181818181818182
799,AlCrMoW,0.2727272727272727,0.0,0.7272727272727273
800,AlCrNbV,0.18181818181818182,0.0,0.8181818181818182
801,AlCrReTi,0.7272727272727273,0.0,0.2727272727272727
802,AlCrReV,0.6363636363636364,0.0,0.36363636363636365
803,AlCrReW,0.45454545454545453,0.0,0.5454545454545454
804,AlCrTiV,0.0,0.0,1.0
805,AlCrTiW,0.45454545454545453,0.0,0.5454545454545454
806,AlCrVW,0.45454545454545453,0.0,0.5454545454545454
807,AlCuFeMn,0.7272727272727273,0.18181818181818182,0.09090909090909091
808,AlCuFeNi,0.8181818181818182,0.18181818181818182,0.0
809,AlCuFeV,0.7272727272727273,0.18181818181818182,0.09090909090909091
810,AlFeMnRe,1.0,0.0,0.0
811,AlFeMnTi,0.8181818181818182,0.09090909090909091,0.09090909090909091
812,AlFeMnV,0.45454545454545453,0.0,0.5454545454545454
813,AlFeTiV,0.0,0.0,1.0
814,AlHfTiV,0.36363636363636365,0.0,0.6363636363636364
815,AlHfTiW,0.7272727272727273,0.0,0.2727272727272727
816,AlHfVW,0.7272727272727273,0.0,0.2727272727272727
817,AlMnMoRe,0.9090909090909091,0.0,0.09090909090909091
818,AlMnReW,0.8181818181818182,0.0,0.18181818181818182
819,AlMnTiV,0.18181818181818182,0.0,0.8181818181818182
820,AlMnVW,0.5454545454545454,0.0,0.45454545454545453
821,AlMoTiV,0.09090909090909091,0.0,0.9090909090909091
822,AlMoVW,0.18181818181818182,0.0,0.8181818181818182
823,AlReVW,0.36363636363636365,0.0,0.6363636363636364
824,AlTiVW,0.45454545454545453,0.0,0.5454545454545454
825,AuCoCrPd,0.09090909090909091,0.9090909090909091,0.0
826,AuCoCrPt,0.6363636363636364,0.36363636363636365,0.0
827,AuCoCuPd,0.6363636363636364,0.36363636363636365,0.0
828,AuCoCuPt,0.6363636363636364,0.36363636363636365,0.0
829,AuCoIrPd,0.09090909090909091,0.9090909090909091,0.0
830,AuCoIrPt,0.09090909090909091,0.9090909090909091,0.0
831,AuCoMoPd,0.36363636363636365,0.6363636363636364,0.0
832,AuCoMoPt,0.6363636363636364,0.2727272727272727,0.09090909090909091
833,AuCoNiPd,0.2727272727272727,0.6363636363636364,0.09090909090909091
834,AuCoNiPt,0.2727272727272727,0.6363636363636364,0.09090909090909091
835,AuCoOsPd,0.5454545454545454,0.45454545454545453,0.0
836,AuCoOsPt,0.5454545454545454,0.45454545454545453,0.0
837,AuCoPdPt,0.09090909090909091,0.9090909090909091,0.0
838,AuCoPdRe,0.7272727272727273,0.2727272727272727,0.0
839,AuCoPdRh,0.09090909090909091,0.9090909090909091,0.0
840,AuCoPdRu,0.7272727272727273,0.2727272727272727,0.0
841,AuCoPtRe,0.7272727272727273,0.2727272727272727,0.0
842,AuCoPtRh,0.18181818181818182,0.8181818181818182,0.0
843,AuCoPtRu,0.5454545454545454,0.45454545454545453,0.0
844,AuCrCuPd,0.2727272727272727,0.7272727272727273,0.0
845,AuCrCuPt,0.6363636363636364,0.36363636363636365,0.0
846,AuCrIrPd,0.09090909090909091,0.9090909090909091,0.0
847,AuCrIrPt,0.18181818181818182,0.8181818181818182,0.0
848,AuCrNiPd,0.09090909090909091,0.9090909090909091,0.0
849,AuCrNiPt,0.6363636363636364,0.36363636363636365,0.0
850,AuCrOsPt,0.5454545454545454,0.45454545454545453,0.0
851,AuCrPdPt,0.18181818181818182,0.8181818181818182,0.0
852,AuCrPdRh,0.18181818181818182,0.8181818181818182,0.0
853,AuCrPdRu,0.6363636363636364,0.36363636363636365,0.0
854,AuCrPtRh,0.5454545454545454,0.45454545454545453,0.0
855,AuCrPtRu,0.5454545454545454,0.45454545454545453,0.0
856,AuCuFePd,0.7272727272727273,0.2727272727272727,0.0
857,AuCuIrPd,0.18181818181818182,0.8181818181818182,0.0
858,AuCuIrPt,0.09090909090909091,0.9090909090909091,0.0
859,AuCuNiPd,0.18181818181818182,0.8181818181818182,0.0
860,AuCuNiPt,0.18181818181818182,0.7272727272727273,0.09090909090909091
861,AuCuOsPt,0.45454545454545453,0.5454545454545454,0.0
862,AuCuPdPt,0.0,1.0,0.0
863,AuCuPdRe,0.7272727272727273,0.2727272727272727,0.0
864,AuCuPdRh,0.18181818181818182,0.8181818181818182,0.0
865,AuCuPdRu,0.36363636363636365,0.6363636363636364,0.0
866,AuCuPtRe,0.7272727272727273,0.2727272727272727,0.0
867,AuCuPtRh,0.36363636363636365,0.6363636363636364,0.0
868,AuCuPtRu,0.36363636363636365,0.6363636363636364,0.0
869,AuFeMoPd,0.6363636363636364,0.36363636363636365,0.0
870,AuFeNiPd,0.09090909090909091,0.9090909090909091,0.0
871,AuFeOsPd,0.2727272727272727,0.7272727272727273,0.0
872,AuFePdRe,0.5454545454545454,0.45454545454545453,0.0
873,AuFePdRh,0.09090909090909091,0.9090909090909091,0.0
874,AuFePdRu,0.09090909090909091,0.8181818181818182,0.09090909090909091
875,AuIrMoPd,0.09090909090909091,0.9090909090909091,0.0
876,AuIrNiPd,0.09090909090909091,0.9090909090909091,0.0
877,AuIrNiPt,0.0,1.0,0.0
878,AuIrOsPd,0.36363636363636365,0.6363636363636364,0.0
879,AuIrOsPt,0.0,1.0,0.0
880,AuIrPdPt,0.0,1.0,0.0
881,AuIrPdRe,0.45454545454545453,0.5454545454545454,0.0
882,AuIrPdRh,0.09090909090909091,0.9090909090909091,0.0
883,AuIrPdRu,0.2727272727272727,0.7272727272727273,0.0
884,AuIrPtRe,0.0,1.0,0.0
885,AuIrPtRh,0.09090909090909091,0.9090909090909091,0.0
886,AuIrPtRu,0.09090909090909091,0.9090909090909091,0.0
887,AuMoNiPd,0.6363636363636364,0.36363636363636365,0.0
888,AuMoNiPt,0.36363636363636365,0.6363636363636364,0.0
889,AuMoOsPd,0.36363636363636365,0.6363636363636364,0.0
890,AuMoPdPt,0.09090909090909091,0.9090909090909091,0.0
891,AuMoPdRe,0.6363636363636364,0.36363636363636365,0.0
892,AuMoPdRh,0.18181818181818182,0.8181818181818182,0.0
893,AuMoPdRu,0.45454545454545453,0.5454545454545454,0.0
894,AuMoPtRe,0.6363636363636364,0.36363636363636365,0.0
895,AuMoPtRh,0.45454545454545453,0.5454545454545454,0.0
896,AuMoPtRu,0.5454545454545454,0.45454545454545453,0.0
897,AuNbPdRh,0.8181818181818182,0.18181818181818182,0.0
898,AuNbPtRh,0.8181818181818182,0.18181818181818182,0.0
899,AuNiOsPd,0.6363636363636364,0.36363636363636365,0.0
900,AuNiOsPt,0.5454545454545454,0.45454545454545453,0.0
901,AuNiPdPt,0.0,1.0,0.0
902,AuNiPdRe,0.7272727272727273,0.2727272727272727,0.0
903,AuNiPdRh,0.18181818181818182,0.8181818181818182,0.0
904,AuNiPdRu,0.5454545454545454,0.45454545454545453,0.0
905,AuNiPtRe,0.8181818181818182,0.18181818181818182,0.0
906,AuNiPtRh,0.18181818181818182,0.8181818181818182,0.0
907,AuNiPtRu,0.5454545454545454,0.45454545454545453,0.0
908,AuOsPdPt,0.36363636363636365,0.6363636363636364,0.0
909,AuOsPdRe,0.5454545454545454,0.45454545454545453,0.0
910,AuOsPdRh,0.36363636363636365,0.6363636363636364,0.0
911,AuOsPtRh,0.2727272727272727,0.7272727272727273,0.0
912,AuOsPtRu,0.2727272727272727,0.7272727272727273,0.0
913,AuPdPtRe,0.36363636363636365,0.6363636363636364,0.0
914,AuPdPtRh,0.09090909090909091,0.9090909090909091,0.0
915,AuPdPtRu,0.09090909090909091,0.9090909090909091,0.0
916,AuPdReRh,0.36363636363636365,0.6363636363636364,0.0
917,AuPdReRu,0.5454545454545454,0.45454545454545453,0.0
918,AuPdRhRu,0.2727272727272727,0.7272727272727273,0.0
919,AuPtReRh,0.2727272727272727,0.7272727272727273,0.0
920,AuPtReRu,0.36363636363636365,0.6363636363636364,0.0
921,AuPtRhRu,0.18181818181818182,0.8181818181818182,0.0
922,CoCrCuNi,0.7272727272727273,0.18181818181818182,0.09090909090909091
923,CoCrCuPd,0.9090909090909091,0.09090909090909091,0.0
924,CoCrCuPt,0.9090909090909091,0.09090909090909091,0.0
925,CoCrFeNi,0.0,0.7272727272727273,0.2727272727272727
926,CoCrIrPd,0.18181818181818182,0.8181818181818182,0.0
927,CoCrIrPt,0.18181818181818182,0.8181818181818182,0.0
928,CoCrMnMo,0.8181818181818182,0.09090909090909091,0.09090909090909091
929,CoCrMnNb,0.9090909090909091,0.0,0.09090909090909091
930,CoCrMnNi,0.0,1.0,0.0
931,CoCrMoNb,0.9090909090909091,0.0,0.09090909090909091
932,CoCrMoW,0.7272727272727273,0.09090909090909091,0.18181818181818182
933,CoCrNbW,0.8181818181818182,0.0,0.18181818181818182
934,CoCrNiPd,0.09090909090909091,0.8181818181818182,0.09090909090909091
935,CoCrNiPt,0.18181818181818182,0.8181818181818182,0.0
936,CoCrOsPd,0.8181818181818182,0.18181818181818182,0.0
937,CoCrOsPt,0.7272727272727273,0.2727272727272727,0.0
938,CoCrPdPt,0.18181818181818182,0.8181818181818182,0.0
939,CoCrPdRh,0.09090909090909091,0.8181818181818182,0.09090909090909091
940,CoCrPdRu,0.8181818181818182,0.18181818181818182,0.0
941,CoCrPtRh,0.18181818181818182,0.8181818181818182,0.0
942,CoCrPtRu,0.7272727272727273,0.2727272727272727,0.0
943,CoCuIrPd,0.18181818181818182,0.8181818181818182,0.0
944,CoCuIrPt,0.18181818181818182,0.8181818181818182,0.0
945,CoCuNiPd,0.0,0.8181818181818182,0.18181818181818182
946,CoCuNiPt,0.18181818181818182,0.8181818181818182,0.0
947,CoCuOsPd,0.8181818181818182,0.18181818181818182,0.0
948,CoCuOsPt,0.8181818181818182,0.18181818181818182,0.0
949,CoCuPdPt,0.18181818181818182,0.8181818181818182,0.0
950,CoCuPdRe,0.9090909090909091,0.09090909090909091,0.0
951,CoCuPdRh,0.18181818181818182,0.8181818181818182,0.0
952,CoCuPdRu,0.8181818181818182,0.18181818181818182,0.0
953,CoCuPtRe,0.9090909090909091,0.09090909090909091,0.0
954,CoCuPtRh,0.09090909090909091,0.9090909090909091,0.0
955,CoCuPtRu,0.45454545454545453,0.5454545454545454,0.0
956,CoFeMnNi,0.0,0.9090909090909091,0.09090909090909091
957,CoIrMoPd,0.45454545454545453,0.5454545454545454,0.0
958,CoIrMoPt,0.36363636363636365,0.6363636363636364,0.0
959,CoIrNiPd,0.0,0.9090909090909091,0.09090909090909091
960,CoIrNiPt,0.09090909090909091,0.9090909090909091,0.0
961,CoIrOsPd,0.7272727272727273,0.2727272727272727,0.0
962,CoIrOsPt,0.18181818181818182,0.8181818181818182,0.0
963,CoIrPdPt,0.09090909090909091,0.9090909090909091,0.0
964,CoIrPdRe,0.8181818181818182,0.18181818181818182,0.0
965,CoIrPdRh,0.09090909090909091,0.9090909090909091,0.0
966,CoIrPdRu,0.7272727272727273,0.2727272727272727,0.0
967,CoIrPtRe,0.45454545454545453,0.5454545454545454,0.0
968,CoIrPtRh,0.09090909090909091,0.9090909090909091,0.0
969,CoIrPtRu,0.36363636363636365,0.6363636363636364,0.0
970,CoMoNbW,0.7272727272727273,0.0,0.2727272727272727
971,CoMoNiPd,0.36363636363636365,0.6363636363636364,0.0
972,CoMoNiPt,0.45454545454545453,0.5454545454545454,0.0
973,CoMoOsPd,0.7272727272727273,0.2727272727272727,0.0
974,CoMoOsPt,0.7272727272727273,0.2727272727272727,0.0
975,CoMoPdPt,0.36363636363636365,0.6363636363636364,0.0
976,CoMoPdRe,0.8181818181818182,0.18181818181818182,0.0
977,CoMoPdRh,0.36363636363636365,0.6363636363636364,0.0
978,CoMoPdRu,0.7272727272727273,0.2727272727272727,0.0
979,CoMoPtRe,0.7272727272727273,0.2727272727272727,0.0
980,CoMoPtRh,0.36363636363636365,0.6363636363636364,0.0
981,CoMoPtRu,0.7272727272727273,0.2727272727272727,0.0
982,CoNiOsPd,0.7272727272727273,0.18181818181818182,0.09090909090909091
983,CoNiOsPt,0.8181818181818182,0.18181818181818182,0.0
984,CoNiPdPt,0.09090909090909091,0.9090909090909091,0.0
985,CoNiPdRe,0.9090909090909091,0.09090909090909091,0.0
986,CoNiPdRh,0.18181818181818182,0.8181818181818182,0.0
987,CoNiPdRu,0.7272727272727273,0.2727272727272727,0.0
988,CoNiPtRe,0.9090909090909091,0.09090909090909091,0.0
989,CoNiPtRh,0.18181818181818182,0.8181818181818182,0.0
990,CoNiPtRu,0.36363636363636365,0.6363636363636364,0.0
991,CoOsPdPt,0.5454545454545454,0.45454545454545453,0.0
992,CoOsPdRe,0.8181818181818182,0.18181818181818182,0.0
993,CoOsPdRh,0.6363636363636364,0.36363636363636365,0.0
994,CoOsPdRu,0.7272727272727273,0.2727272727272727,0.0
995,CoOsPtRe,0.8181818181818182,0.18181818181818182,0.0
996,CoOsPtRh,0.5454545454545454,0.45454545454545453,0.0
997,CoOsPtRu,0.7272727272727273,0.2727272727272727,0.0
998,CoPdPtRe,0.8181818181818182,0.18181818181818182,0.0
999,CoPdPtRh,0.09090909090909091,0.9090909090909091,0.0
1000,CoPdPtRu,0.36363636363636365,0.6363636363636364,0.0
1001,CoPdReRh,0.8181818181818182,0.18181818181818182,0.0
1002,CoPdReRu,0.8181818181818182,0.18181818181818182,0.0
1003,CoPdRhRu,0.7272727272727273,0.2727272727272727,0.0
1004,CoPtReRh,0.8181818181818182,0.18181818181818182,0.0
1005,CoPtReRu,0.8181818181818182,0.18181818181818182,0.0
1006,CoPtRhRu,0.36363636363636365,0.6363636363636364,0.0
1007,CrCuFeMn,0.9090909090909091,0.09090909090909091,0.0
1008,CrCuFeMo,1.0,0.0,0.0
1009,CrCuFeNb,1.0,0.0,0.0
1010,CrCuFeNi,0.6363636363636364,0.36363636363636365,0.0
1011,CrCuFePd,1.0,0.0,0.0
1012,CrCuFeV,0.9090909090909091,0.0,0.09090909090909091
1013,CrCuFeW,0.7272727272727273,0.0,0.2727272727272727
1014,CrCuIrPd,0.2727272727272727,0.7272727272727273,0.0
1015,CrCuIrPt,0.6363636363636364,0.36363636363636365,0.0
1016,CrCuMnV,0.9090909090909091,0.0,0.09090909090909091
1017,CrCuMnW,0.6363636363636364,0.09090909090909091,0.2727272727272727
1018,CrCuMoTa,0.8181818181818182,0.0,0.18181818181818182
1019,CrCuMoTi,0.8181818181818182,0.0,0.18181818181818182
1020,CrCuMoV,0.8181818181818182,0.0,0.18181818181818182
1021,CrCuMoW,0.7272727272727273,0.0,0.2727272727272727
1022,CrCuNbTa,0.9090909090909091,0.0,0.09090909090909091
1023,CrCuNbTi,0.8181818181818182,0.0,0.18181818181818182
1024,CrCuNbV,0.8181818181818182,0.0,0.18181818181818182
1025,CrCuNbW,0.8181818181818182,0.0,0.18181818181818182
1026,CrCuNiPd,0.9090909090909091,0.09090909090909091,0.0
1027,CrCuNiPt,0.18181818181818182,0.8181818181818182,0.0
1028,CrCuOsPd,0.8181818181818182,0.18181818181818182,0.0
1029,CrCuOsPt,0.6363636363636364,0.36363636363636365,0.0
1030,CrCuPdPt,0.2727272727272727,0.7272727272727273,0.0
1031,CrCuPdRh,0.18181818181818182,0.8181818181818182,0.0
1032,CrCuPdRu,0.8181818181818182,0.18181818181818182,0.0
1033,CrCuPtRh,0.18181818181818182,0.8181818181818182,0.0
1034,CrCuPtRu,0.6363636363636364,0.36363636363636365,0.0
1035,CrCuTaTi,0.9090909090909091,0.0,0.09090909090909091
1036,CrCuTaV,0.8181818181818182,0.0,0.18181818181818182
1037,CrCuTaW,0.7272727272727273,0.0,0.2727272727272727
1038,CrCuTiV,0.8181818181818182,0.0,0.18181818181818182
1039,CrCuTiW,0.8181818181818182,0.0,0.18181818181818182
1040,CrCuVW,0.6363636363636364,0.0,0.36363636363636365
1041,CrFeMnMo,0.45454545454545453,0.0,0.5454545454545454
1042,CrFeMnNb,0.9090909090909091,0.0,0.09090909090909091
1043,CrFeMnNi,0.36363636363636365,0.6363636363636364,0.0
1044,CrFeMnRe,0.9090909090909091,0.0,0.09090909090909091
1045,CrFeMnTa,0.8181818181818182,0.0,0.18181818181818182
1046,CrFeMnTi,0.9090909090909091,0.0,0.09090909090909091
1047,CrFeMnV,0.45454545454545453,0.0,0.5454545454545454
1048,CrFeMnW,0.6363636363636364,0.0,0.36363636363636365
1049,CrFeMoNb,0.7272727272727273,0.0,0.2727272727272727
1050,CrFeMoNi,1.0,0.0,0.0
1051,CrFeMoRe,0.6363636363636364,0.0,0.36363636363636365
1052,CrFeMoTa,0.9090909090909091,0.0,0.09090909090909091
1053,CrFeMoTi,0.36363636363636365,0.09090909090909091,0.5454545454545454
1054,CrFeMoV,0.45454545454545453,0.0,0.5454545454545454
1055,CrFeMoW,0.8181818181818182,0.0,0.18181818181818182
1056,CrFeNbRe,0.9090909090909091,0.0,0.09090909090909091
1057,CrFeNbTa,0.8181818181818182,0.0,0.18181818181818182
1058,CrFeNbTi,0.8181818181818182,0.0,0.18181818181818182
1059,CrFeNbV,0.7272727272727273,0.0,0.2727272727272727
1060,CrFeNbW,0.8181818181818182,0.0,0.18181818181818182
1061,CrFeNiPd,0.09090909090909091,0.9090909090909091,0.0
1062,CrFeNiRe,0.9090909090909091,0.09090909090909091,0.0
1063,CrFeNiV,1.0,0.0,0.0
1064,CrFeOsPd,0.6363636363636364,0.36363636363636365,0.0
1065,CrFePdRu,0.6363636363636364,0.36363636363636365,0.0
1066,CrFeReTa,0.9090909090909091,0.0,0.09090909090909091
1067,CrFeReTi,0.9090909090909091,0.0,0.09090909090909091
1068,CrFeReV,0.6363636363636364,0.0,0.36363636363636365
1069,CrFeReW,0.7272727272727273,0.0,0.2727272727272727
1070,CrFeTaTi,0.8181818181818182,0.0,0.18181818181818182
1071,CrFeTaV,0.6363636363636364,0.0,0.36363636363636365
1072,CrFeTaW,0.8181818181818182,0.0,0.18181818181818182
1073,CrFeTiV,0.6363636363636364,0.09090909090909091,0.2727272727272727
1074,CrFeTiW,0.8181818181818182,0.0,0.18181818181818182
1075,CrFeVW,0.7272727272727273,0.0,0.2727272727272727
1076,CrHfMoNb,0.2727272727272727,0.0,0.7272727272727273
1077,CrHfMoRe,0.5454545454545454,0.0,0.45454545454545453
1078,CrHfMoTa,0.7272727272727273,0.0,0.2727272727272727
1079,CrHfMoTi,0.2727272727272727,0.0,0.7272727272727273
1080,CrHfMoV,0.18181818181818182,0.0,0.8181818181818182
1081,CrHfMoW,0.8181818181818182,0.0,0.18181818181818182
1082,CrHfMoZr,0.7272727272727273,0.0,0.2727272727272727
1083,CrHfNbRe,0.6363636363636364,0.0,0.36363636363636365
1084,CrHfNbTa,0.45454545454545453,0.0,0.5454545454545454
1085,CrHfNbTi,0.2727272727272727,0.0,0.7272727272727273
1086,CrHfNbV,0.36363636363636365,0.0,0.6363636363636364
1087,CrHfNbW,0.6363636363636364,0.0,0.36363636363636365
1088,CrHfNbZr,0.7272727272727273,0.0,0.2727272727272727
1089,CrHfReTa,0.6363636363636364,0.0,0.36363636363636365
1090,CrHfReTi,0.6363636363636364,0.0,0.36363636363636365
1091,CrHfReV,0.5454545454545454,0.0,0.45454545454545453
1092,CrHfReW,0.6363636363636364,0.0,0.36363636363636365
1093,CrHfReZr,0.8181818181818182,0.0,0.18181818181818182
1094,CrHfTaTi,0.45454545454545453,0.0,0.5454545454545454
1095,CrHfTaV,0.5454545454545454,0.0,0.45454545454545453
1096,CrHfTaW,0.7272727272727273,0.0,0.2727272727272727
1097,CrHfTaZr,0.7272727272727273,0.0,0.2727272727272727
1098,CrHfTiV,0.2727272727272727,0.0,0.7272727272727273
1099,CrHfTiW,0.5454545454545454,0.0,0.45454545454545453
1100,CrHfTiZr,0.45454545454545453,0.0,0.5454545454545454
1101,CrHfVW,0.6363636363636364,0.0,0.36363636363636365
1102,CrHfVZr,0.36363636363636365,0.0,0.6363636363636364
1103,CrHfWZr,0.8181818181818182,0.0,0.18181818181818182
1104,CrIrNiPd,0.18181818181818182,0.8181818181818182,0.0
1105,CrIrNiPt,0.18181818181818182,0.8181818181818182,0.0
1106,CrIrOsPd,0.6363636363636364,0.36363636363636365,0.0
1107,CrIrOsPt,0.5454545454545454,0.45454545454545453,0.0
1108,CrIrPdPt,0.09090909090909091,0.9090909090909091,0.0
1109,CrIrPdRh,0.09090909090909091,0.9090909090909091,0.0
1110,CrIrPdRu,0.7272727272727273,0.2727272727272727,0.0
1111,CrIrPtRh,0.09090909090909091,0.9090909090909091,0.0
1112,CrIrPtRu,0.5454545454545454,0.45454545454545453,0.0
1113,CrMnMoNb,0.18181818181818182,0.0,0.8181818181818182
1114,CrMnMoNi,1.0,0.0,0.0
1115,CrMnMoRe,0.5454545454545454,0.0,0.45454545454545453
1116,CrMnMoTa,0.36363636363636365,0.0,0.6363636363636364
1117,CrMnMoTi,0.7272727272727273,0.0,0.2727272727272727
1118,CrMnMoV,0.18181818181818182,0.0,0.8181818181818182
1119,CrMnMoW,0.8181818181818182,0.0,0.18181818181818182
1120,CrMnMoZr,0.7272727272727273,0.0,0.2727272727272727
1121,CrMnNbNi,0.9090909090909091,0.0,0.09090909090909091
1122,CrMnNbRe,0.6363636363636364,0.0,0.36363636363636365
1123,CrMnNbTa,0.2727272727272727,0.0,0.7272727272727273
1124,CrMnNbTi,0.09090909090909091,0.0,0.9090909090909091
1125,CrMnNbV,0.2727272727272727,0.0,0.7272727272727273
1126,CrMnNbW,0.5454545454545454,0.0,0.45454545454545453
1127,CrMnNbZr,0.7272727272727273,0.0,0.2727272727272727
1128,CrMnNiRe,0.9090909090909091,0.0,0.09090909090909091
1129,CrMnNiV,0.5454545454545454,0.09090909090909091,0.36363636363636365
1130,CrMnReTa,0.7272727272727273,0.0,0.2727272727272727
1131,CrMnReTi,0.9090909090909091,0.0,0.09090909090909091
1132,CrMnReV,0.8181818181818182,0.0,0.18181818181818182
1133,CrMnReW,0.8181818181818182,0.0,0.18181818181818182
1134,CrMnReZr,0.9090909090909091,0.0,0.09090909090909091
1135,CrMnTaTi,0.18181818181818182,0.0,0.8181818181818182
1136,CrMnTaV,0.18181818181818182,0.0,0.8181818181818182
1137,CrMnTaW,0.5454545454545454,0.0,0.45454545454545453
1138,CrMnTaZr,0.7272727272727273,0.0,0.2727272727272727
1139,CrMnTiV,0.6363636363636364,0.09090909090909091,0.2727272727272727
1140,CrMnTiW,0.7272727272727273,0.0,0.2727272727272727
1141,CrMnTiZr,0.8181818181818182,0.0,0.18181818181818182
1142,CrMnVW,0.5454545454545454,0.0,0.45454545454545453
1143,CrMnWZr,0.6363636363636364,0.0,0.36363636363636365
1144,CrMoNbNi,0.9090909090909091,0.0,0.09090909090909091
1145,CrMoNbRe,0.36363636363636365,0.0,0.6363636363636364
1146,CrMoNbTa,0.5454545454545454,0.0,0.45454545454545453
1147,CrMoNbTi,0.09090909090909091,0.0,0.9090909090909091
1148,CrMoNbV,0.5454545454545454,0.0,0.45454545454545453
1149,CrMoNbW,0.5454545454545454,0.0,0.45454545454545453
1150,CrMoNbZr,0.5454545454545454,0.0,0.45454545454545453
1151,CrMoNiRe,1.0,0.0,0.0
1152,CrMoReTa,0.5454545454545454,0.0,0.45454545454545453
1153,CrMoReTi,0.18181818181818182,0.0,0.8181818181818182
1154,CrMoReV,0.0,0.0,1.0
1155,CrMoReW,0.45454545454545453,0.0,0.5454545454545454
1156,CrMoReZr,0.7272727272727273,0.0,0.2727272727272727
1157,CrMoTaTi,0.2727272727272727,0.0,0.7272727272727273
1158,CrMoTaV,0.45454545454545453,0.0,0.5454545454545454
1159,CrMoTaW,0.5454545454545454,0.0,0.45454545454545453
1160,CrMoTaZr,0.7272727272727273,0.0,0.2727272727272727
1161,CrMoTiV,0.09090909090909091,0.0,0.9090909090909091
1162,CrMoTiW,0.09090909090909091,0.0,0.9090909090909091
1163,CrMoTiZr,0.36363636363636365,0.0,0.6363636363636364
1164,CrMoVW,0.18181818181818182,0.0,0.8181818181818182
1165,CrMoVZr,0.5454545454545454,0.0,0.45454545454545453
1166,CrMoWZr,0.8181818181818182,0.0,0.18181818181818182
1167,CrNbNiV,0.8181818181818182,0.0,0.18181818181818182
1168,CrNbReTa,0.45454545454545453,0.0,0.5454545454545454
1169,CrNbReTi,0.09090909090909091,0.0,0.9090909090909091
1170,CrNbReV,0.09090909090909091,0.0,0.9090909090909091
1171,CrNbReW,0.36363636363636365,0.0,0.6363636363636364
1172,CrNbReZr,0.6363636363636364,0.0,0.36363636363636365
1173,CrNbTaTi,0.45454545454545453,0.0,0.5454545454545454
1174,CrNbTaV,0.09090909090909091,0.0,0.9090909090909091
1175,CrNbTaW,0.6363636363636364,0.0,0.36363636363636365
1176,CrNbTaZr,0.7272727272727273,0.0,0.2727272727272727
1177,CrNbTiV,0.0,0.0,1.0
1178,CrNbTiW,0.09090909090909091,0.0,0.9090909090909091
1179,CrNbTiZr,0.6363636363636364,0.0,0.36363636363636365
1180,CrNbVW,0.36363636363636365,0.0,0.6363636363636364
1181,CrNbVZr,0.5454545454545454,0.0,0.45454545454545453
1182,CrNbWZr,0.8181818181818182,0.0,0.18181818181818182
1183,CrNiOsPd,0.8181818181818182,0.18181818181818182,0.0
1184,CrNiOsPt,0.7272727272727273,0.2727272727272727,0.0
1185,CrNiPdPt,0.18181818181818182,0.8181818181818182,0.0
1186,CrNiPdRh,0.18181818181818182,0.7272727272727273,0.09090909090909091
1187,CrNiPdRu,0.9090909090909091,0.09090909090909091,0.0
1188,CrNiPtRh,0.2727272727272727,0.7272727272727273,0.0
1189,CrNiPtRu,0.7272727272727273,0.2727272727272727,0.0
1190,CrNiReV,0.6363636363636364,0.0,0.36363636363636365
1191,CrOsPdPt,0.5454545454545454,0.45454545454545453,0.0
1192,CrOsPdRh,0.5454545454545454,0.45454545454545453,0.0
1193,CrOsPdRu,0.7272727272727273,0.2727272727272727,0.0
1194,CrOsPtRh,0.6363636363636364,0.36363636363636365,0.0
1195,CrOsPtRu,0.45454545454545453,0.5454545454545454,0.0
1196,CrPdPtRh,0.09090909090909091,0.9090909090909091,0.0
1197,CrPdPtRu,0.5454545454545454,0.45454545454545453,0.0
1198,CrPdRhRu,0.6363636363636364,0.36363636363636365,0.0
1199,CrPtRhRu,0.5454545454545454,0.45454545454545453,0.0
1200,CrReTaTi,0.2727272727272727,0.0,0.7272727272727273
1201,CrReTaV,0.18181818181818182,0.0,0.8181818181818182
1202,CrReTaW,0.45454545454545453,0.0,0.5454545454545454
1203,CrReTaZr,0.6363636363636364,0.0,0.36363636363636365
1204,CrReTiV,0.6363636363636364,0.0,0.36363636363636365
1205,CrReTiW,0.09090909090909091,0.0,0.9090909090909091
1206,CrReTiZr,0.7272727272727273,0.0,0.2727272727272727
1207,CrReVW,0.36363636363636365,0.0,0.6363636363636364
1208,CrReVZr,0.6363636363636364,0.0,0.36363636363636365
1209,CrReWZr,0.7272727272727273,0.0,0.2727272727272727
1210,CrTaTiV,0.18181818181818182,0.0,0.8181818181818182
1211,CrTaTiW,0.18181818181818182,0.0,0.8181818181818182
1212,CrTaTiZr,0.7272727272727273,0.0,0.2727272727272727
1213,CrTaVW,0.6363636363636364,0.0,0.36363636363636365
1214,CrTaVZr,0.7272727272727273,0.0,0.2727272727272727
1215,CrTaWZr,0.8181818181818182,0.0,0.18181818181818182
1216,CrTiVW,0.09090909090909091,0.0,0.9090909090909091
1217,CrTiVZr,0.6363636363636364,0.0,0.36363636363636365
1218,CrTiWZr,0.7272727272727273,0.0,0.2727272727272727
1219,CrVWZr,0.7272727272727273,0.0,0.2727272727272727
1220,CuFeIrPd,0.18181818181818182,0.8181818181818182,0.0
1221,CuFeMnNb,1.0,0.0,0.0
1222,CuFeMnTa,0.9090909090909091,0.09090909090909091,0.0
1223,CuFeMnTi,1.0,0.0,0.0
1224,CuFeMnV,0.9090909090909091,0.0,0.09090909090909091
1225,CuFeMoTi,0.9090909090909091,0.0,0.09090909090909091
1226,CuFeMoV,0.9090909090909091,0.0,0.09090909090909091
1227,CuFeNbTa,1.0,0.0,0.0
1228,CuFeNbTi,0.9090909090909091,0.0,0.09090909090909091
1229,CuFeNbV,0.9090909090909091,0.0,0.09090909090909091
1230,CuFeNiPd,0.0,0.8181818181818182,0.18181818181818182
1231,CuFeNiV,0.9090909090909091,0.09090909090909091,0.0
1232,CuFeOsPd,0.7272727272727273,0.2727272727272727,0.0
1233,CuFePdRe,0.9090909090909091,0.09090909090909091,0.0
1234,CuFePdRh,0.18181818181818182,0.8181818181818182,0.0
1235,CuFePdRu,0.7272727272727273,0.2727272727272727,0.0
1236,CuFeTaV,0.9090909090909091,0.0,0.09090909090909091
1237,CuFeTiV,0.8181818181818182,0.0,0.18181818181818182
1238,CuFeVW,0.6363636363636364,0.0,0.36363636363636365
1239,CuIrNiPd,0.09090909090909091,0.8181818181818182,0.09090909090909091
1240,CuIrNiPt,0.09090909090909091,0.9090909090909091,0.0
1241,CuIrOsPd,0.5454545454545454,0.45454545454545453,0.0
1242,CuIrOsPt,0.09090909090909091,0.9090909090909091,0.0
1243,CuIrPdPt,0.09090909090909091,0.9090909090909091,0.0
1244,CuIrPdRe,0.8181818181818182,0.18181818181818182,0.0
1245,CuIrPdRh,0.09090909090909091,0.9090909090909091,0.0
1246,CuIrPdRu,0.6363636363636364,0.36363636363636365,0.0
1247,CuIrPtRe,0.36363636363636365,0.6363636363636364,0.0
1248,CuIrPtRh,0.09090909090909091,0.9090909090909091,0.0
1249,CuIrPtRu,0.09090909090909091,0.9090909090909091,0.0
1250,CuMnMoTa,0.9090909090909091,0.09090909090909091,0.0
1251,CuMnMoV,0.9090909090909091,0.0,0.09090909090909091
1252,CuMnMoW,0.9090909090909091,0.0,0.09090909090909091
1253,CuMnNbTa,0.7272727272727273,0.09090909090909091,0.18181818181818182
1254,CuMnNbV,0.8181818181818182,0.0,0.18181818181818182
1255,CuMnTaV,0.5454545454545454,0.0,0.45454545454545453
1256,CuMnTaW,0.7272727272727273,0.09090909090909091,0.18181818181818182
1257,CuMnTiV,0.8181818181818182,0.0,0.18181818181818182
1258,CuMnVW,0.6363636363636364,0.09090909090909091,0.2727272727272727
1259,CuMoNbTa,0.7272727272727273,0.0,0.2727272727272727
1260,CuMoNbV,0.8181818181818182,0.0,0.18181818181818182
1261,CuMoNbW,0.7272727272727273,0.09090909090909091,0.18181818181818182
1262,CuMoTaTi,0.8181818181818182,0.0,0.18181818181818182
1263,CuMoTaW,0.7272727272727273,0.0,0.2727272727272727
1264,CuMoTiV,0.8181818181818182,0.0,0.18181818181818182
1265,CuMoVW,0.7272727272727273,0.0,0.2727272727272727
1266,CuNbPdPt,0.7272727272727273,0.18181818181818182,0.09090909090909091
1267,CuNbPdRh,0.9090909090909091,0.09090909090909091,0.0
1268,CuNbPtRh,0.6363636363636364,0.2727272727272727,0.09090909090909091
1269,CuNbTaTi,0.7272727272727273,0.09090909090909091,0.18181818181818182
1270,CuNbTaV,0.7272727272727273,0.09090909090909091,0.18181818181818182
1271,CuNbTaW,0.6363636363636364,0.0,0.36363636363636365
1272,CuNbTiV,0.7272727272727273,0.0,0.2727272727272727
1273,CuNbVW,0.6363636363636364,0.09090909090909091,0.2727272727272727
1274,CuNiOsPd,0.8181818181818182,0.18181818181818182,0.0
1275,CuNiOsPt,0.6363636363636364,0.36363636363636365,0.0
1276,CuNiPdPt,0.0,1.0,0.0
1277,CuNiPdRe,0.9090909090909091,0.09090909090909091,0.0
1278,CuNiPdRh,0.09090909090909091,0.9090909090909091,0.0
1279,CuNiPdRu,0.6363636363636364,0.36363636363636365,0.0
1280,CuNiPtRe,0.9090909090909091,0.09090909090909091,0.0
1281,CuNiPtRh,0.09090909090909091,0.9090909090909091,0.0
1282,CuNiPtRu,0.2727272727272727,0.7272727272727273,0.0
1283,CuOsPdPt,0.45454545454545453,0.5454545454545454,0.0
1284,CuOsPdRe,0.8181818181818182,0.18181818181818182,0.0
1285,CuOsPdRh,0.09090909090909091,0.9090909090909091,0.0
1286,CuOsPdRu,0.6363636363636364,0.36363636363636365,0.0
1287,CuOsPtRe,0.8181818181818182,0.18181818181818182,0.0
1288,CuOsPtRh,0.45454545454545453,0.5454545454545454,0.0
1289,CuOsPtRu,0.45454545454545453,0.5454545454545454,0.0
1290,CuPdPtRe,0.8181818181818182,0.18181818181818182,0.0
1291,CuPdPtRh,0.09090909090909091,0.9090909090909091,0.0
1292,CuPdPtRu,0.0,1.0,0.0
1293,CuPdReRh,0.8181818181818182,0.18181818181818182,0.0
1294,CuPdReRu,0.8181818181818182,0.18181818181818182,0.0
1295,CuPdRhRu,0.5454545454545454,0.45454545454545453,0.0
1296,CuPtReRh,0.7272727272727273,0.2727272727272727,0.0
1297,CuPtReRu,0.8181818181818182,0.18181818181818182,0.0
1298,CuPtRhRu,0.0,1.0,0.0
1299,CuTaTiV,0.45454545454545453,0.0,0.5454545454545454
1300,CuTaTiW,0.5454545454545454,0.0,0.45454545454545453
1301,CuTaVW,0.5454545454545454,0.0,0.45454545454545453
1302,CuTiVW,0.5454545454545454,0.0,0.45454545454545453
1303,FeIrMoPd,0.36363636363636365,0.6363636363636364,0.0
1304,FeIrNiPd,0.09090909090909091,0.9090909090909091,0.0
1305,FeIrOsPd,0.6363636363636364,0.36363636363636365,0.0
1306,FeIrPdRe,0.8181818181818182,0.18181818181818182,0.0
1307,FeIrPdRu,0.6363636363636364,0.36363636363636365,0.0
1308,FeMnMoNb,0.7272727272727273,0.09090909090909091,0.18181818181818182
1309,FeMnMoRe,0.9090909090909091,0.0,0.09090909090909091
1310,FeMnMoTa,0.9090909090909091,0.0,0.09090909090909091
1311,FeMnMoTi,0.9090909090909091,0.0,0.09090909090909091
1312,FeMnMoV,0.45454545454545453,0.0,0.5454545454545454
1313,FeMnMoW,0.8181818181818182,0.09090909090909091,0.09090909090909091
1314,FeMnNbRe,0.7272727272727273,0.0,0.2727272727272727
1315,FeMnNbTa,0.9090909090909091,0.0,0.09090909090909091
1316,FeMnNbTi,0.9090909090909091,0.0,0.09090909090909091
1317,FeMnNbV,0.45454545454545453,0.09090909090909091,0.45454545454545453
1318,FeMnNbW,0.8181818181818182,0.0,0.18181818181818182
1319,FeMnReTa,0.8181818181818182,0.0,0.18181818181818182
1320,FeMnReTi,0.9090909090909091,0.0,0.09090909090909091
1321,FeMnReV,0.8181818181818182,0.0,0.18181818181818182
1322,FeMnReW,0.8181818181818182,0.0,0.18181818181818182
1323,FeMnTaTi,0.8181818181818182,0.0,0.18181818181818182
1324,FeMnTaV,0.7272727272727273,0.0,0.2727272727272727
1325,FeMnTaW,0.8181818181818182,0.0,0.18181818181818182
1326,FeMnTiV,0.8181818181818182,0.0,0.18181818181818182
1327,FeMnTiW,0.8181818181818182,0.0,0.18181818181818182
1328,FeMnVW,0.6363636363636364,0.0,0.36363636363636365
1329,FeMoNbRe,0.45454545454545453,0.0,0.5454545454545454
1330,FeMoNbTa,0.5454545454545454,0.0,0.45454545454545453
1331,FeMoNbTi,0.7272727272727273,0.0,0.2727272727272727
1332,FeMoNbV,0.36363636363636365,0.0,0.6363636363636364
1333,FeMoNbW,0.7272727272727273,0.0,0.2727272727272727
1334,FeMoNiPd,0.2727272727272727,0.7272727272727273,0.0
1335,FeMoNiV,1.0,0.0,0.0
1336,FeMoOsPd,0.6363636363636364,0.36363636363636365,0.0
1337,FeMoPdRe,0.8181818181818182,0.18181818181818182,0.0
1338,FeMoPdRh,0.36363636363636365,0.6363636363636364,0.0
1339,FeMoPdRu,0.7272727272727273,0.2727272727272727,0.0
1340,FeMoReTa,0.9090909090909091,0.0,0.09090909090909091
1341,FeMoReTi,0.6363636363636364,0.0,0.36363636363636365
1342,FeMoReV,0.6363636363636364,0.0,0.36363636363636365
1343,FeMoReW,0.6363636363636364,0.0,0.36363636363636365
1344,FeMoTaTi,0.6363636363636364,0.0,0.36363636363636365
1345,FeMoTaV,0.7272727272727273,0.0,0.2727272727272727
1346,FeMoTaW,0.7272727272727273,0.0,0.2727272727272727
1347,FeMoTiV,0.09090909090909091,0.0,0.9090909090909091
1348,FeMoTiW,0.7272727272727273,0.0,0.2727272727272727
1349,FeMoVW,0.6363636363636364,0.0,0.36363636363636365
1350,FeNbReTa,0.6363636363636364,0.0,0.36363636363636365
1351,FeNbReTi,0.8181818181818182,0.0,0.18181818181818182
1352,FeNbReV,0.36363636363636365,0.0,0.6363636363636364
1353,FeNbReW,0.5454545454545454,0.0,0.45454545454545453
1354,FeNbTaTi,0.6363636363636364,0.0,0.36363636363636365
1355,FeNbTaV,0.5454545454545454,0.0,0.45454545454545453
1356,FeNbTaW,0.8181818181818182,0.0,0.18181818181818182
1357,FeNbTiV,0.6363636363636364,0.09090909090909091,0.2727272727272727
1358,FeNbTiW,0.6363636363636364,0.0,0.36363636363636365
1359,FeNbVW,0.6363636363636364,0.0,0.36363636363636365
1360,FeNiOsPd,0.7272727272727273,0.2727272727272727,0.0
1361,FeNiPdRe,0.7272727272727273,0.2727272727272727,0.0
1362,FeNiPdRh,0.18181818181818182,0.8181818181818182,0.0
1363,FeNiPdRu,0.6363636363636364,0.36363636363636365,0.0
1364,FeOsPdRe,0.8181818181818182,0.18181818181818182,0.0
1365,FeOsPdRh,0.6363636363636364,0.36363636363636365,0.0
1366,FeOsPdRu,0.6363636363636364,0.36363636363636365,0.0
1367,FePdReRh,0.8181818181818182,0.18181818181818182,0.0
1368,FePdReRu,0.7272727272727273,0.2727272727272727,0.0
1369,FePdRhRu,0.6363636363636364,0.36363636363636365,0.0
1370,FeReTaTi,0.7272727272727273,0.0,0.2727272727272727
1371,FeReTaV,0.7272727272727273,0.0,0.2727272727272727
1372,FeReTiV,0.6363636363636364,0.0,0.36363636363636365
1373,FeReVW,0.6363636363636364,0.0,0.36363636363636365
1374,FeTaTiV,0.7272727272727273,0.0,0.2727272727272727
1375,FeTaTiW,0.7272727272727273,0.0,0.2727272727272727
1376,FeTaVW,0.8181818181818182,0.0,0.18181818181818182
1377,FeTiVW,0.5454545454545454,0.09090909090909091,0.36363636363636365
1378,HfMoNbRe,0.36363636363636365,0.0,0.6363636363636364
1379,HfMoNbTa,0.2727272727272727,0.0,0.7272727272727273
1380,HfMoNbTi,0.09090909090909091,0.0,0.9090909090909091
1381,HfMoNbV,0.18181818181818182,0.0,0.8181818181818182
1382,HfMoNbW,0.45454545454545453,0.0,0.5454545454545454
1383,HfMoNbZr,0.2727272727272727,0.0,0.7272727272727273
1384,HfMoReTa,0.6363636363636364,0.0,0.36363636363636365
1385,HfMoReTi,0.36363636363636365,0.0,0.6363636363636364
1386,HfMoReV,0.36363636363636365,0.0,0.6363636363636364
1387,HfMoReW,0.5454545454545454,0.0,0.45454545454545453
1388,HfMoReZr,0.6363636363636364,0.0,0.36363636363636365
1389,HfMoTaTi,0.36363636363636365,0.0,0.6363636363636364
1390,HfMoTaV,0.5454545454545454,0.0,0.45454545454545453
1391,HfMoTaW,0.45454545454545453,0.0,0.5454545454545454
1392,HfMoTaZr,0.45454545454545453,0.0,0.5454545454545454
1393,HfMoTiV,0.09090909090909091,0.0,0.9090909090909091
1394,HfMoTiW,0.36363636363636365,0.0,0.6363636363636364
1395,HfMoTiZr,0.2727272727272727,0.0,0.7272727272727273
1396,HfMoVW,0.5454545454545454,0.0,0.45454545454545453
1397,HfMoVZr,0.5454545454545454,0.0,0.45454545454545453
1398,HfMoWZr,0.9090909090909091,0.0,0.09090909090909091
1399,HfNbReTa,0.45454545454545453,0.0,0.5454545454545454
1400,HfNbReTi,0.2727272727272727,0.0,0.7272727272727273
1401,HfNbReV,0.2727272727272727,0.0,0.7272727272727273
1402,HfNbReW,0.36363636363636365,0.0,0.6363636363636364
1403,HfNbReZr,0.5454545454545454,0.0,0.45454545454545453
1404,HfNbTaTi,0.0,0.0,1.0
1405,HfNbTaV,0.2727272727272727,0.0,0.7272727272727273
1406,HfNbTaW,0.2727272727272727,0.0,0.7272727272727273
1407,HfNbTaZr,0.0,0.0,1.0
1408,HfNbTiV,0.0,0.0,1.0
1409,HfNbTiW,0.18181818181818182,0.0,0.8181818181818182
1410,HfNbTiZr,0.0,0.0,1.0
1411,HfNbVW,0.5454545454545454,0.0,0.45454545454545453
1412,HfNbVZr,0.18181818181818182,0.0,0.8181818181818182
1413,HfNbWZr,0.2727272727272727,0.0,0.7272727272727273
1414,HfReTaTi,0.45454545454545453,0.0,0.5454545454545454
1415,HfReTaV,0.45454545454545453,0.0,0.5454545454545454
1416,HfReTaW,0.5454545454545454,0.0,0.45454545454545453
1417,HfReTaZr,0.5454545454545454,0.0,0.45454545454545453
1418,HfReTiV,0.6363636363636364,0.0,0.36363636363636365
1419,HfReTiW,0.5454545454545454,0.0,0.45454545454545453
1420,HfReTiZr,0.9090909090909091,0.0,0.09090909090909091
1421,HfReVW,0.45454545454545453,0.0,0.5454545454545454
1422,HfReVZr,0.9090909090909091,0.0,0.09090909090909091
1423,HfReWZr,0.7272727272727273,0.0,0.2727272727272727
1424,HfTaTiV,0.18181818181818182,0.0,0.8181818181818182
1425,HfTaTiW,0.2727272727272727,0.0,0.7272727272727273
1426,HfTaTiZr,0.0,0.0,1.0
1427,HfTaVW,0.36363636363636365,0.0,0.6363636363636364
1428,HfTaVZr,0.09090909090909091,0.0,0.9090909090909091
1429,HfTaWZr,0.2727272727272727,0.0,0.7272727272727273
1430,HfTiVW,0.18181818181818182,0.0,0.8181818181818182
1431,HfTiVZr,0.18181818181818182,0.0,0.8181818181818182
1432,HfTiWZr,0.7272727272727273,0.0,0.2727272727272727
1433,HfVWZr,0.8181818181818182,0.0,0.18181818181818182
1434,IrMoNiPd,0.45454545454545453,0.5454545454545454,0.0
1435,IrMoNiPt,0.2727272727272727,0.7272727272727273,0.0
1436,IrMoOsPd,0.5454545454545454,0.45454545454545453,0.0
1437,IrMoOsPt,0.6363636363636364,0.36363636363636365,0.0
1438,IrMoPdPt,0.2727272727272727,0.6363636363636364,0.09090909090909091
1439,IrMoPdRe,0.6363636363636364,0.36363636363636365,0.0
1440,IrMoPdRh,0.0,0.7272727272727273,0.2727272727272727
1441,IrMoPdRu,0.5454545454545454,0.45454545454545453,0.0
1442,IrMoPtRe,0.6363636363636364,0.36363636363636365,0.0
1443,IrMoPtRh,0.09090909090909091,0.7272727272727273,0.18181818181818182
1444,IrMoPtRu,0.2727272727272727,0.6363636363636364,0.09090909090909091
1445,IrNbPdPt,0.7272727272727273,0.2727272727272727,0.0
1446,IrNbPdRh,0.36363636363636365,0.6363636363636364,0.0
1447,IrNbPdRu,0.6363636363636364,0.36363636363636365,0.0
1448,IrNbPtRh,0.5454545454545454,0.45454545454545453,0.0
1449,IrNbPtRu,0.45454545454545453,0.5454545454545454,0.0
1450,IrNiOsPd,0.6363636363636364,0.36363636363636365,0.0
1451,IrNiOsPt,0.2727272727272727,0.7272727272727273,0.0
1452,IrNiPdPt,0.0,1.0,0.0
1453,IrNiPdRe,0.8181818181818182,0.18181818181818182,0.0
1454,IrNiPdRh,0.09090909090909091,0.9090909090909091,0.0
1455,IrNiPdRu,0.36363636363636365,0.6363636363636364,0.0
1456,IrNiPtRe,0.2727272727272727,0.7272727272727273,0.0
1457,IrNiPtRh,0.09090909090909091,0.9090909090909091,0.0
1458,IrNiPtRu,0.2727272727272727,0.7272727272727273,0.0
1459,IrOsPdPt,0.18181818181818182,0.8181818181818182,0.0
1460,IrOsPdRe,0.6363636363636364,0.36363636363636365,0.0
1461,IrOsPdRh,0.18181818181818182,0.8181818181818182,0.0
1462,IrOsPdRu,0.5454545454545454,0.45454545454545453,0.0
1463,IrOsPtRe,0.5454545454545454,0.45454545454545453,0.0
1464,IrOsPtRh,0.0,0.9090909090909091,0.09090909090909091
1465,IrOsPtRu,0.2727272727272727,0.7272727272727273,0.0
1466,IrPdPtRe,0.09090909090909091,0.9090909090909091,0.0
1467,IrPdPtRh,0.09090909090909091,0.9090909090909091,0.0
1468,IrPdPtRu,0.2727272727272727,0.7272727272727273,0.0
1469,IrPdReRh,0.18181818181818182,0.7272727272727273,0.09090909090909091
1470,IrPdReRu,0.6363636363636364,0.36363636363636365,0.0
1471,IrPdRhRu,0.2727272727272727,0.7272727272727273,0.0
1472,IrPtReRh,0.0,1.0,0.0
1473,IrPtReRu,0.09090909090909091,0.9090909090909091,0.0
1474,IrPtRhRu,0.0,0.9090909090909091,0.09090909090909091
1475,MnMoNbRe,0.5454545454545454,0.0,0.45454545454545453
1476,MnMoNbTa,0.2727272727272727,0.0,0.7272727272727273
1477,MnMoNbTi,0.09090909090909091,0.0,0.9090909090909091
1478,MnMoNbV,0.09090909090909091,0.0,0.9090909090909091
1479,MnMoNbW,0.5454545454545454,0.0,0.45454545454545453
1480,MnMoNbZr,0.7272727272727273,0.0,0.2727272727272727
1481,MnMoNiV,0.7272727272727273,0.18181818181818182,0.09090909090909091
1482,MnMoReTa,0.6363636363636364,0.0,0.36363636363636365
1483,MnMoReTi,0.7272727272727273,0.0,0.2727272727272727
1484,MnMoReV,0.45454545454545453,0.0,0.5454545454545454
1485,MnMoReW,0.8181818181818182,0.0,0.18181818181818182
1486,MnMoReZr,0.6363636363636364,0.0,0.36363636363636365
1487,MnMoTaTi,0.09090909090909091,0.0,0.9090909090909091
1488,MnMoTaV,0.45454545454545453,0.0,0.5454545454545454
1489,MnMoTaW,0.5454545454545454,0.0,0.45454545454545453
1490,MnMoTaZr,0.8181818181818182,0.0,0.18181818181818182
1491,MnMoTiV,0.09090909090909091,0.0,0.9090909090909091
1492,MnMoTiW,0.6363636363636364,0.0,0.36363636363636365
1493,MnMoTiZr,0.6363636363636364,0.0,0.36363636363636365
1494,MnMoVW,0.45454545454545453,0.0,0.5454545454545454
1495,MnMoVZr,0.5454545454545454,0.0,0.45454545454545453
1496,MnMoWZr,0.8181818181818182,0.0,0.18181818181818182
1497,MnNbNiV,0.9090909090909091,0.0,0.09090909090909091
1498,MnNbReTa,0.5454545454545454,0.0,0.45454545454545453
1499,MnNbReTi,0.2727272727272727,0.0,0.7272727272727273
1500,MnNbReV,0.18181818181818182,0.0,0.8181818181818182
1501,MnNbReW,0.45454545454545453,0.0,0.5454545454545454
1502,MnNbReZr,0.36363636363636365,0.0,0.6363636363636364
1503,MnNbTaTi,0.2727272727272727,0.0,0.7272727272727273
1504,MnNbTaV,0.18181818181818182,0.0,0.8181818181818182
1505,MnNbTaW,0.7272727272727273,0.0,0.2727272727272727
1506,MnNbTaZr,0.6363636363636364,0.0,0.36363636363636365
1507,MnNbTiV,0.18181818181818182,0.0,0.8181818181818182
1508,MnNbTiW,0.6363636363636364,0.0,0.36363636363636365
1509,MnNbTiZr,0.5454545454545454,0.09090909090909091,0.36363636363636365
1510,MnNbVW,0.36363636363636365,0.0,0.6363636363636364
1511,MnNbVZr,0.6363636363636364,0.0,0.36363636363636365
1512,MnNbWZr,0.8181818181818182,0.0,0.18181818181818182
1513,MnNiOsPd,0.9090909090909091,0.09090909090909091,0.0
1514,MnNiPdRe,0.9090909090909091,0.09090909090909091,0.0
1515,MnNiPdRu,0.9090909090909091,0.09090909090909091,0.0
1516,MnOsPdRe,0.6363636363636364,0.36363636363636365,0.0
1517,MnOsPdRu,0.7272727272727273,0.2727272727272727,0.0
1518,MnPdReRu,0.6363636363636364,0.36363636363636365,0.0
1519,MnReTaTi,0.2727272727272727,0.0,0.7272727272727273
1520,MnReTaV,0.2727272727272727,0.0,0.7272727272727273
1521,MnReTaW,0.6363636363636364,0.0,0.36363636363636365
1522,MnReTaZr,0.5454545454545454,0.0,0.45454545454545453
1523,MnReTiV,0.6363636363636364,0.0,0.36363636363636365
1524,MnReTiW,0.6363636363636364,0.0,0.36363636363636365
1525,MnReTiZr,0.7272727272727273,0.0,0.2727272727272727
1526,MnReVW,0.5454545454545454,0.0,0.45454545454545453
1527,MnReVZr,0.7272727272727273,0.0,0.2727272727272727
1528,MnReWZr,0.8181818181818182,0.0,0.18181818181818182
1529,MnTaTiV,0.09090909090909091,0.0,0.9090909090909091
1530,MnTaTiW,0.6363636363636364,0.0,0.36363636363636365
1531,MnTaVW,0.5454545454545454,0.0,0.45454545454545453
1532,MnTaVZr,0.7272727272727273,0.0,0.2727272727272727
1533,MnTaWZr,0.8181818181818182,0.0,0.18181818181818182
1534,MnTiVW,0.36363636363636365,0.0,0.6363636363636364
1535,MnTiVZr,0.6363636363636364,0.0,0.36363636363636365
1536,MnTiWZr,0.6363636363636364,0.0,0.36363636363636365
1537,MnVWZr,0.7272727272727273,0.0,0.2727272727272727
1538,MoNbNiV,0.9090909090909091,0.0,0.09090909090909091
1539,MoNbReTa,0.0,0.0,1.0
1540,MoNbReTi,0.0,0.0,1.0
1541,MoNbReV,0.0,0.0,1.0
1542,MoNbReW,0.09090909090909091,0.0,0.9090909090909091
1543,MoNbReZr,0.36363636363636365,0.0,0.6363636363636364
1544,MoNbTaTi,0.0,0.0,1.0
1545,MoNbTaV,0.0,0.0,1.0
1546,MoNbTaW,0.0,0.0,1.0
1547,MoNbTaZr,0.45454545454545453,0.0,0.5454545454545454
1548,MoNbTiV,0.0,0.0,1.0
1549,MoNbTiW,0.0,0.0,1.0
1550,MoNbTiZr,0.0,0.0,1.0
1551,MoNbVW,0.0,0.0,1.0
1552,MoNbVZr,0.0,0.0,1.0
1553,MoNbWZr,0.5454545454545454,0.0,0.45454545454545453
1554,MoNiOsPd,0.8181818181818182,0.18181818181818182,0.0
1555,MoNiOsPt,0.7272727272727273,0.2727272727272727,0.0
1556,MoNiPdPt,0.2727272727272727,0.7272727272727273,0.0
1557,MoNiPdRe,0.8181818181818182,0.18181818181818182,0.0
1558,MoNiPdRh,0.2727272727272727,0.6363636363636364,0.09090909090909091
1559,MoNiPdRu,0.8181818181818182,0.18181818181818182,0.0
1560,MoNiPtRe,0.8181818181818182,0.18181818181818182,0.0
1561,MoNiPtRh,0.2727272727272727,0.7272727272727273,0.0
1562,MoNiPtRu,0.8181818181818182,0.18181818181818182,0.0
1563,MoNiReV,1.0,0.0,0.0
1564,MoOsPdPt,0.6363636363636364,0.36363636363636365,0.0
1565,MoOsPdRe,0.7272727272727273,0.2727272727272727,0.0
1566,MoOsPdRh,0.5454545454545454,0.45454545454545453,0.0
1567,MoOsPdRu,0.5454545454545454,0.45454545454545453,0.0
1568,MoOsPtRe,0.7272727272727273,0.2727272727272727,0.0
1569,MoOsPtRh,0.45454545454545453,0.5454545454545454,0.0
1570,MoOsPtRu,0.6363636363636364,0.36363636363636365,0.0
1571,MoPdPtRe,0.7272727272727273,0.2727272727272727,0.0
1572,MoPdPtRh,0.09090909090909091,0.7272727272727273,0.18181818181818182
1573,MoPdPtRu,0.6363636363636364,0.36363636363636365,0.0
1574,MoPdReRh,0.5454545454545454,0.45454545454545453,0.0
1575,MoPdReRu,0.6363636363636364,0.36363636363636365,0.0
1576,MoPdRhRu,0.5454545454545454,0.45454545454545453,0.0
1577,MoPtReRh,0.5454545454545454,0.45454545454545453,0.0
1578,MoPtReRu,0.6363636363636364,0.36363636363636365,0.0
1579,MoPtRhRu,0.45454545454545453,0.5454545454545454,0.0
1580,MoReTaTi,0.2727272727272727,0.0,0.7272727272727273
1581,MoReTaV,0.2727272727272727,0.0,0.7272727272727273
1582,MoReTaW,0.2727272727272727,0.0,0.7272727272727273
1583,MoReTaZr,0.8181818181818182,0.0,0.18181818181818182
1584,MoReTiV,0.0,0.0,1.0
1585,MoReTiW,0.09090909090909091,0.0,0.9090909090909091
1586,MoReTiZr,0.2727272727272727,0.0,0.7272727272727273
1587,MoReVW,0.18181818181818182,0.0,0.8181818181818182
1588,MoReVZr,0.5454545454545454,0.0,0.45454545454545453
1589,MoReWZr,0.36363636363636365,0.0,0.6363636363636364
1590,MoTaTiV,0.0,0.0,1.0
1591,MoTaTiW,0.0,0.0,1.0
1592,MoTaTiZr,0.36363636363636365,0.0,0.6363636363636364
1593,MoTaVW,0.0,0.0,1.0
1594,MoTaVZr,0.6363636363636364,0.09090909090909091,0.2727272727272727
1595,MoTaWZr,0.5454545454545454,0.0,0.45454545454545453
1596,MoTiVW,0.0,0.0,1.0
1597,MoTiVZr,0.0,0.0,1.0
1598,MoTiWZr,0.45454545454545453,0.0,0.5454545454545454
1599,MoVWZr,0.36363636363636365,0.0,0.6363636363636364
1600,NbPdPtRh,0.6363636363636364,0.36363636363636365,0.0
1601,NbPdRhRu,0.6363636363636364,0.2727272727272727,0.09090909090909091
1602,NbPtRhRu,0.6363636363636364,0.36363636363636365,0.0
1603,NbReTaTi,0.0,0.0,1.0
1604,NbReTaV,0.0,0.0,1.0
1605,NbReTaW,0.0,0.0,1.0
1606,NbReTaZr,0.36363636363636365,0.0,0.6363636363636364
1607,NbReTiV,0.0,0.0,1.0
1608,NbReTiW,0.0,0.0,1.0
1609,NbReTiZr,0.2727272727272727,0.0,0.7272727272727273
1610,NbReVW,0.09090909090909091,0.0,0.9090909090909091
1611,NbReVZr,0.6363636363636364,0.0,0.36363636363636365
1612,NbReWZr,0.2727272727272727,0.0,0.7272727272727273
1613,NbTaTiV,0.0,0.0,1.0
1614,NbTaTiW,0.09090909090909091,0.0,0.9090909090909091
1615,NbTaTiZr,0.0,0.0,1.0
1616,NbTaVW,0.0,0.0,1.0
1617,NbTaVZr,0.18181818181818182,0.0,0.8181818181818182
1618,NbTaWZr,0.2727272727272727,0.0,0.7272727272727273
1619,NbTiVW,0.0,0.0,1.0
1620,NbTiVZr,0.0,0.0,1.0
1621,NbTiWZr,0.18181818181818182,0.0,0.8181818181818182
1622,NbVWZr,0.45454545454545453,0.0,0.5454545454545454
1623,NiOsPdPt,0.6363636363636364,0.36363636363636365,0.0
1624,NiOsPdRe,0.8181818181818182,0.18181818181818182,0.0
1625,NiOsPdRh,0.7272727272727273,0.2727272727272727,0.0
1626,NiOsPdRu,0.8181818181818182,0.18181818181818182,0.0
1627,NiOsPtRe,0.8181818181818182,0.18181818181818182,0.0
1628,NiOsPtRh,0.6363636363636364,0.36363636363636365,0.0
1629,NiOsPtRu,0.7272727272727273,0.2727272727272727,0.0
1630,NiPdPtRe,0.8181818181818182,0.18181818181818182,0.0
1631,NiPdPtRh,0.09090909090909091,0.9090909090909091,0.0
1632,NiPdPtRu,0.36363636363636365,0.6363636363636364,0.0
1633,NiPdReRh,0.8181818181818182,0.18181818181818182,0.0
1634,NiPdReRu,0.8181818181818182,0.18181818181818182,0.0
1635,NiPdRhRu,0.7272727272727273,0.2727272727272727,0.0
1636,NiPtReRh,0.8181818181818182,0.18181818181818182,0.0
1637,NiPtReRu,0.8181818181818182,0.18181818181818182,0.0
1638,NiPtRhRu,0.2727272727272727,0.7272727272727273,0.0
1639,OsPdPtRe,0.45454545454545453,0.5454545454545454,0.0
1640,OsPdPtRh,0.36363636363636365,0.6363636363636364,0.0
1641,OsPdPtRu,0.5454545454545454,0.45454545454545453,0.0
1642,OsPdReRh,0.45454545454545453,0.5454545454545454,0.0
1643,OsPdReRu,0.6363636363636364,0.36363636363636365,0.0
1644,OsPdRhRu,0.6363636363636364,0.36363636363636365,0.0
1645,OsPtReRh,0.45454545454545453,0.5454545454545454,0.0
1646,OsPtReRu,0.45454545454545453,0.5454545454545454,0.0
1647,OsPtRhRu,0.18181818181818182,0.8181818181818182,0.0
1648,PdPtReRh,0.2727272727272727,0.7272727272727273,0.0
1649,PdPtReRu,0.45454545454545453,0.5454545454545454,0.0
1650,PdPtRhRu,0.0,1.0,0.0
1651,PdReRhRu,0.5454545454545454,0.45454545454545453,0.0
1652,PtReRhRu,0.45454545454545453,0.5454545454545454,0.0
1653,ReTaTiV,0.0,0.0,1.0
1654,ReTaTiW,0.0,0.0,1.0
1655,ReTaTiZr,0.7272727272727273,0.0,0.2727272727272727
1656,ReTaVW,0.09090909090909091,0.0,0.9090909090909091
1657,ReTaVZr,0.6363636363636364,0.0,0.36363636363636365
1658,ReTaWZr,0.45454545454545453,0.0,0.5454545454545454
1659,ReTiVW,0.0,0.0,1.0
1660,ReTiVZr,0.7272727272727273,0.0,0.2727272727272727
1661,ReTiWZr,0.36363636363636365,0.0,0.6363636363636364
1662,ReVWZr,0.6363636363636364,0.0,0.36363636363636365
1663,TaTiVW,0.0,0.0,1.0
1664,TaTiVZr,0.09090909090909091,0.0,0.9090909090909091
1665,TaTiWZr,0.2727272727272727,0.0,0.7272727272727273
1666,TaVWZr,0.45454545454545453,0.0,0.5454545454545454
1667,TiVWZr,0.2727272727272727,0.0,0.7272727272727273
1668,AlCrMoTiW,0.09090909090909091,0.0,0.9090909090909091
1669,CoCrFeMnNi,0.0,1.0,0.0
1670,CrNbTaVW,0.36363636363636365,0.0,0.6363636363636364
1671,CrNbTaVZr,0.7272727272727273,0.0,0.2727272727272727
1672,CrNbTaWZr,0.8181818181818182,0.0,0.18181818181818182
1673,CrHfMoNbTa,0.45454545454545453,0.0,0.5454545454545454
1674,CrHfMoNbTi,0.09090909090909091,0.0,0.9090909090909091
1675,CrHfMoNbV,0.2727272727272727,0.0,0.7272727272727273
1676,CrHfMoNbW,0.6363636363636364,0.0,0.36363636363636365
1677,CrHfMoNbZr,0.18181818181818182,0.0,0.8181818181818182
1678,CrHfMoTaTi,0.36363636363636365,0.0,0.6363636363636364
1679,CrHfMoTaV,0.5454545454545454,0.0,0.45454545454545453
1680,CrHfMoTaW,0.7272727272727273,0.0,0.2727272727272727
1681,CrHfMoTaZr,0.8181818181818182,0.0,0.18181818181818182
1682,CrHfMoTiV,0.09090909090909091,0.0,0.9090909090909091
1683,CrHfMoTiW,0.2727272727272727,0.0,0.7272727272727273
1684,CrHfMoTiZr,0.5454545454545454,0.0,0.45454545454545453
1685,CrHfMoVW,0.45454545454545453,0.0,0.5454545454545454
1686,CrHfMoVZr,0.18181818181818182,0.0,0.8181818181818182
1687,CrHfMoWZr,0.9090909090909091,0.0,0.09090909090909091
1688,CrHfNbTaTi,0.18181818181818182,0.0,0.8181818181818182
1689,CrHfNbTaV,0.5454545454545454,0.0,0.45454545454545453
1690,CrHfNbTaW,0.5454545454545454,0.0,0.45454545454545453
1691,CrHfNbTaZr,0.45454545454545453,0.0,0.5454545454545454
1692,CrHfNbTiV,0.2727272727272727,0.0,0.7272727272727273
1693,CrHfNbTiW,0.36363636363636365,0.0,0.6363636363636364
1694,CrHfNbTiZr,0.18181818181818182,0.0,0.8181818181818182
1695,CrHfNbVW,0.7272727272727273,0.0,0.2727272727272727
1696,CrHfNbVZr,0.36363636363636365,0.0,0.6363636363636364
1697,CrHfNbWZr,0.8181818181818182,0.0,0.18181818181818182
1698,CrHfTaTiV,0.36363636363636365,0.0,0.6363636363636364
1699,CrHfTaTiW,0.45454545454545453,0.0,0.5454545454545454
1700,CrHfTaTiZr,0.5454545454545454,0.0,0.45454545454545453
1701,CrHfTaVW,0.6363636363636364,0.0,0.36363636363636365
1702,CrHfTaVZr,0.45454545454545453,0.0,0.5454545454545454
1703,CrHfTaWZr,0.9090909090909091,0.0,0.09090909090909091
1704,CrHfTiVW,0.18181818181818182,0.0,0.8181818181818182
1705,CrHfTiVZr,0.2727272727272727,0.0,0.7272727272727273
1706,CrHfTiWZr,0.7272727272727273,0.0,0.2727272727272727
1707,CrHfVWZr,0.7272727272727273,0.0,0.2727272727272727
1708,CrMoNbTaTi,0.18181818181818182,0.0,0.8181818181818182
1709,CrMoNbTaV,0.36363636363636365,0.0,0.6363636363636364
1710,CrMoNbTaW,0.18181818181818182,0.0,0.8181818181818182
1711,CrMoNbTaZr,0.5454545454545454,0.0,0.45454545454545453
1712,CrMoNbTiV,0.09090909090909091,0.0,0.9090909090909091
1713,CrMoNbTiW,0.09090909090909091,0.0,0.9090909090909091
1714,CrMoNbTiZr,0.36363636363636365,0.0,0.6363636363636364
1715,CrMoNbVW,0.45454545454545453,0.0,0.5454545454545454
1716,CrMoNbVZr,0.45454545454545453,0.0,0.5454545454545454
1717,CrMoNbWZr,0.7272727272727273,0.0,0.2727272727272727
1718,CrMoTaTiV,0.2727272727272727,0.0,0.7272727272727273
1719,CrMoTaTiW,0.09090909090909091,0.0,0.9090909090909091
1720,CrMoTaTiZr,0.6363636363636364,0.0,0.36363636363636365
1721,CrMoTaVW,0.36363636363636365,0.0,0.6363636363636364
1722,CrMoTaVZr,0.6363636363636364,0.0,0.36363636363636365
1723,CrMoTaWZr,0.9090909090909091,0.0,0.09090909090909091
1724,CrMoTiVW,0.09090909090909091,0.0,0.9090909090909091
1725,CrMoTiVZr,0.36363636363636365,0.0,0.6363636363636364
1726,CrMoTiWZr,0.6363636363636364,0.0,0.36363636363636365
1727,CrMoVWZr,0.6363636363636364,0.0,0.36363636363636365
1728,CrNbTaTiV,0.09090909090909091,0.0,0.9090909090909091
1729,CrNbTaTiW,0.09090909090909091,0.0,0.9090909090909091
1730,CrNbTaTiZr,0.6363636363636364,0.0,0.36363636363636365
1731,CrNbTiVW,0.09090909090909091,0.0,0.9090909090909091
1732,CrNbTiVZr,0.6363636363636364,0.0,0.36363636363636365
1733,CrNbTiWZr,0.6363636363636364,0.0,0.36363636363636365
1734,CrNbVWZr,0.7272727272727273,0.0,0.2727272727272727
1735,CrTaTiVW,0.09090909090909091,0.0,0.9090909090909091
1736,CrTaTiVZr,0.8181818181818182,0.0,0.18181818181818182
1737,CrTaTiWZr,0.7272727272727273,0.0,0.2727272727272727
1738,CrTaVWZr,0.7272727272727273,0.0,0.2727272727272727
1739,CrTiVWZr,0.7272727272727273,0.0,0.2727272727272727
1740,HfMoNbTaTi,0.2727272727272727,0.0,0.7272727272727273
1741,HfMoNbTaV,0.18181818181818182,0.0,0.8181818181818182
1742,HfMoNbTaW,0.2727272727272727,0.0,0.7272727272727273
1743,HfMoNbTaZr,0.36363636363636365,0.0,0.6363636363636364
1744,HfMoNbTiV,0.18181818181818182,0.0,0.8181818181818182
1745,HfMoNbTiW,0.09090909090909091,0.0,0.9090909090909091
1746,HfMoNbTiZr,0.2727272727272727,0.0,0.7272727272727273
1747,HfMoNbVW,0.18181818181818182,0.0,0.8181818181818182
1748,HfMoNbVZr,0.2727272727272727,0.0,0.7272727272727273
1749,HfMoNbWZr,0.5454545454545454,0.0,0.45454545454545453
1750,HfMoTaTiV,0.18181818181818182,0.0,0.8181818181818182
1751,HfMoTaTiW,0.2727272727272727,0.0,0.7272727272727273
1752,HfMoTaTiZr,0.18181818181818182,0.0,0.8181818181818182
1753,HfMoTaVW,0.18181818181818182,0.0,0.8181818181818182
1754,HfMoTaVZr,0.45454545454545453,0.0,0.5454545454545454
1755,HfMoTaWZr,0.5454545454545454,0.0,0.45454545454545453
1756,HfMoTiVW,0.2727272727272727,0.0,0.7272727272727273
1757,HfMoTiVZr,0.09090909090909091,0.0,0.9090909090909091
1758,HfMoTiWZr,0.45454545454545453,0.0,0.5454545454545454
1759,HfMoVWZr,0.6363636363636364,0.0,0.36363636363636365
1760,HfNbTaTiV,0.18181818181818182,0.0,0.8181818181818182
1761,HfNbTaTiW,0.18181818181818182,0.0,0.8181818181818182
1762,HfNbTaTiZr,0.0,0.0,1.0
1763,HfNbTaVW,0.36363636363636365,0.0,0.6363636363636364
1764,HfNbTaVZr,0.09090909090909091,0.0,0.9090909090909091
1765,HfNbTaWZr,0.18181818181818182,0.0,0.8181818181818182
1766,HfNbTiVW,0.45454545454545453,0.0,0.5454545454545454
1767,HfNbTiVZr,0.09090909090909091,0.0,0.9090909090909091
1768,HfNbTiWZr,0.2727272727272727,0.0,0.7272727272727273
1769,HfNbVWZr,0.45454545454545453,0.0,0.5454545454545454
1770,HfTaTiVW,0.36363636363636365,0.0,0.6363636363636364
1771,HfTaTiVZr,0.09090909090909091,0.0,0.9090909090909091
1772,HfTaTiWZr,0.2727272727272727,0.0,0.7272727272727273
1773,HfTaVWZr,0.45454545454545453,0.0,0.5454545454545454
1774,HfTiVWZr,0.2727272727272727,0.0,0.7272727272727273
1775,MoNbReTaW,0.09090909090909091,0.0,0.9090909090909091
1776,MoNbTaTiV,0.0,0.0,1.0
1777,MoNbTaTiW,0.0,0.0,1.0
1778,MoNbTaTiZr,0.2727272727272727,0.0,0.7272727272727273
1779,MoNbTaVW,0.0,0.0,1.0
1780,MoNbTaVZr,0.36363636363636365,0.0,0.6363636363636364
1781,MoNbTaWZr,0.6363636363636364,0.0,0.36363636363636365
1782,MoNbTiVW,0.0,0.0,1.0
1783,MoNbTiVZr,0.0,0.0,1.0
1784,MoNbTiWZr,0.36363636363636365,0.0,0.6363636363636364
1785,MoNbVWZr,0.45454545454545453,0.0,0.5454545454545454
1786,MoTaTiVW,0.0,0.0,1.0
1787,MoTaTiVZr,0.18181818181818182,0.0,0.8181818181818182
1788,MoTaTiWZr,0.5454545454545454,0.0,0.45454545454545453
1789,MoTaVWZr,0.45454545454545453,0.0,0.5454545454545454
1790,MoTiVWZr,0.5454545454545454,0.0,0.45454545454545453
1791,NbReTaTiV,0.0,0.0,1.0
1792,NbTaTiVW,0.0,0.0,1.0
1793,NbTaTiVZr,0.09090909090909091,0.0,0.9090909090909091
1794,NbTaTiWZr,0.18181818181818182,0.0,0.8181818181818182
1795,NbTaVWZr,0.5454545454545454,0.0,0.45454545454545453
1796,NbTiVWZr,0.36363636363636365,0.0,0.6363636363636364
1797,TaTiVWZr,0.45454545454545453,0.0,0.5454545454545454
